date,sku_id,product_name,category,units_sold,price,inventory,supplier_lead_time
2025-08-28,SKU001,Wireless Mouse,Accessories,38,799,43,7
2025-08-29,SKU001,Wireless Mouse,Accessories,45,799,43,7
2025-08-30,SKU001,Wireless Mouse,Accessories,50,799,43,7
2025-08-31,SKU001,Wireless Mouse,Accessories,43,799,43,7
2025-09-01,SKU001,Wireless Mouse,Accessories,34,799,43,7
2025-09-02,SKU001,Wireless Mouse,Accessories,34,799,43,7
2025-09-03,SKU001,Wireless Mouse,Accessories,43,799,43,7
2025-09-04,SKU001,Wireless Mouse,Accessories,39,799,43,7
2025-09-05,SKU001,Wireless Mouse,Accessories,42,799,43,7
2025-09-06,SKU001,Wireless Mouse,Accessories,49,799,43,7
2025-09-07,SKU001,Wireless Mouse,Accessories,33,799,43,7
2025-09-08,SKU001,Wireless Mouse,Accessories,33,799,43,7
2025-09-09,SKU001,Wireless Mouse,Accessories,36,799,43,7
2025-09-10,SKU001,Wireless Mouse,Accessories,25,799,43,7
2025-09-11,SKU001,Wireless Mouse,Accessories,26,799,43,7
2025-09-12,SKU001,Wireless Mouse,Accessories,42,799,43,7
2025-09-13,SKU001,Wireless Mouse,Accessories,39,799,43,7
2025-09-14,SKU001,Wireless Mouse,Accessories,37,799,43,7
2025-09-15,SKU001,Wireless Mouse,Accessories,30,799,43,7
2025-09-16,SKU001,Wireless Mouse,Accessories,28,799,43,7
2025-09-17,SKU001,Wireless Mouse,Accessories,43,799,43,7
2025-09-18,SKU001,Wireless Mouse,Accessories,34,799,43,7
2025-09-19,SKU001,Wireless Mouse,Accessories,46,799,43,7
2025-09-20,SKU001,Wireless Mouse,Accessories,36,799,43,7
2025-09-21,SKU001,Wireless Mouse,Accessories,32,799,43,7
2025-09-22,SKU001,Wireless Mouse,Accessories,36,799,43,7
2025-09-23,SKU001,Wireless Mouse,Accessories,29,799,43,7
2025-09-24,SKU001,Wireless Mouse,Accessories,37,799,43,7
2025-09-25,SKU001,Wireless Mouse,Accessories,32,799,43,7
2025-09-26,SKU001,Wireless Mouse,Accessories,44,799,43,7
2025-09-27,SKU001,Wireless Mouse,Accessories,41,799,43,7
2025-09-28,SKU001,Wireless Mouse,Accessories,45,799,43,7
2025-09-29,SKU001,Wireless Mouse,Accessories,35,799,43,7
2025-09-30,SKU001,Wireless Mouse,Accessories,29,799,43,7
2025-10-01,SKU001,Wireless Mouse,Accessories,39,799,43,7
2025-10-02,SKU001,Wireless Mouse,Accessories,29,799,43,7
2025-10-03,SKU001,Wireless Mouse,Accessories,47,799,43,7
2025-10-04,SKU001,Wireless Mouse,Accessories,32,799,43,7
2025-10-05,SKU001,Wireless Mouse,Accessories,28,799,43,7
2025-10-06,SKU001,Wireless Mouse,Accessories,36,799,43,7
2025-10-07,SKU001,Wireless Mouse,Accessories,39,799,43,7
2025-10-08,SKU001,Wireless Mouse,Accessories,36,799,43,7
2025-10-09,SKU001,Wireless Mouse,Accessories,34,799,43,7
2025-10-10,SKU001,Wireless Mouse,Accessories,43,799,43,7
2025-10-11,SKU001,Wireless Mouse,Accessories,35,799,43,7
2025-10-12,SKU001,Wireless Mouse,Accessories,31,799,43,7
2025-10-13,SKU001,Wireless Mouse,Accessories,33,799,43,7
2025-10-14,SKU001,Wireless Mouse,Accessories,41,799,43,7
2025-10-15,SKU001,Wireless Mouse,Accessories,37,799,43,7
2025-10-16,SKU001,Wireless Mouse,Accessories,26,799,43,7
2025-10-17,SKU001,Wireless Mouse,Accessories,48,799,43,7
2025-10-18,SKU001,Wireless Mouse,Accessories,43,799,43,7
2025-10-19,SKU001,Wireless Mouse,Accessories,31,799,43,7
2025-10-20,SKU001,Wireless Mouse,Accessories,38,799,43,7
2025-10-21,SKU001,Wireless Mouse,Accessories,40,799,43,7
2025-10-22,SKU001,Wireless Mouse,Accessories,40,799,43,7
2025-10-23,SKU001,Wireless Mouse,Accessories,31,799,43,7
2025-10-24,SKU001,Wireless Mouse,Accessories,43,799,43,7
2025-10-25,SKU001,Wireless Mouse,Accessories,48,799,43,7
2025-10-26,SKU001,Wireless Mouse,Accessories,40,799,43,7
2025-10-27,SKU001,Wireless Mouse,Accessories,32,799,43,7
2025-10-28,SKU001,Wireless Mouse,Accessories,34,799,43,7
2025-10-29,SKU001,Wireless Mouse,Accessories,29,799,43,7
2025-10-30,SKU001,Wireless Mouse,Accessories,29,799,43,7
2025-10-31,SKU001,Wireless Mouse,Accessories,51,799,43,7
2025-11-01,SKU001,Wireless Mouse,Accessories,77,799,43,7
2025-11-02,SKU001,Wireless Mouse,Accessories,48,799,43,7
2025-11-03,SKU001,Wireless Mouse,Accessories,56,799,43,7
2025-11-04,SKU001,Wireless Mouse,Accessories,52,799,43,7
2025-11-05,SKU001,Wireless Mouse,Accessories,44,799,43,7
2025-11-06,SKU001,Wireless Mouse,Accessories,52,799,43,7
2025-11-07,SKU001,Wireless Mouse,Accessories,78,799,43,7
2025-11-08,SKU001,Wireless Mouse,Accessories,63,799,43,7
2025-11-09,SKU001,Wireless Mouse,Accessories,61,799,43,7
2025-11-10,SKU001,Wireless Mouse,Accessories,30,799,43,7
2025-11-11,SKU001,Wireless Mouse,Accessories,55,799,43,7
2025-11-12,SKU001,Wireless Mouse,Accessories,50,799,43,7
2025-11-13,SKU001,Wireless Mouse,Accessories,47,799,43,7
2025-11-14,SKU001,Wireless Mouse,Accessories,65,799,43,7
2025-11-15,SKU001,Wireless Mouse,Accessories,45,799,43,7
2025-11-16,SKU001,Wireless Mouse,Accessories,47,799,43,7
2025-11-17,SKU001,Wireless Mouse,Accessories,52,799,43,7
2025-11-18,SKU001,Wireless Mouse,Accessories,60,799,43,7
2025-11-19,SKU001,Wireless Mouse,Accessories,45,799,43,7
2025-11-20,SKU001,Wireless Mouse,Accessories,43,799,43,7
2025-11-21,SKU001,Wireless Mouse,Accessories,59,799,43,7
2025-11-22,SKU001,Wireless Mouse,Accessories,72,799,43,7
2025-11-23,SKU001,Wireless Mouse,Accessories,51,799,43,7
2025-11-24,SKU001,Wireless Mouse,Accessories,45,799,43,7
2025-11-25,SKU001,Wireless Mouse,Accessories,53,799,43,7
2025-11-26,SKU001,Wireless Mouse,Accessories,50,799,43,7
2025-11-27,SKU001,Wireless Mouse,Accessories,56,799,43,7
2025-11-28,SKU001,Wireless Mouse,Accessories,57,799,43,7
2025-11-29,SKU001,Wireless Mouse,Accessories,61,799,43,7
2025-11-30,SKU001,Wireless Mouse,Accessories,46,799,43,7
2025-12-01,SKU001,Wireless Mouse,Accessories,38,799,43,7
2025-12-02,SKU001,Wireless Mouse,Accessories,51,799,43,7
2025-12-03,SKU001,Wireless Mouse,Accessories,51,799,43,7
2025-12-04,SKU001,Wireless Mouse,Accessories,49,799,43,7
2025-12-05,SKU001,Wireless Mouse,Accessories,61,799,43,7
2025-12-06,SKU001,Wireless Mouse,Accessories,50,799,43,7
2025-12-07,SKU001,Wireless Mouse,Accessories,46,799,43,7
2025-12-08,SKU001,Wireless Mouse,Accessories,46,799,43,7
2025-12-09,SKU001,Wireless Mouse,Accessories,43,799,43,7
2025-12-10,SKU001,Wireless Mouse,Accessories,48,799,43,7
2025-12-11,SKU001,Wireless Mouse,Accessories,52,799,43,7
2025-12-12,SKU001,Wireless Mouse,Accessories,82,799,43,7
2025-12-13,SKU001,Wireless Mouse,Accessories,65,799,43,7
2025-12-14,SKU001,Wireless Mouse,Accessories,51,799,43,7
2025-12-15,SKU001,Wireless Mouse,Accessories,48,799,43,7
2025-12-16,SKU001,Wireless Mouse,Accessories,35,799,43,7
2025-12-17,SKU001,Wireless Mouse,Accessories,49,799,43,7
2025-12-18,SKU001,Wireless Mouse,Accessories,49,799,43,7
2025-12-19,SKU001,Wireless Mouse,Accessories,87,799,43,7
2025-12-20,SKU001,Wireless Mouse,Accessories,62,799,43,7
2025-12-21,SKU001,Wireless Mouse,Accessories,51,799,43,7
2025-12-22,SKU001,Wireless Mouse,Accessories,49,799,43,7
2025-12-23,SKU001,Wireless Mouse,Accessories,40,799,43,7
2025-12-24,SKU001,Wireless Mouse,Accessories,57,799,43,7
2025-12-25,SKU001,Wireless Mouse,Accessories,55,799,43,7
2025-12-26,SKU001,Wireless Mouse,Accessories,71,799,43,7
2025-12-27,SKU001,Wireless Mouse,Accessories,55,799,43,7
2025-12-28,SKU001,Wireless Mouse,Accessories,59,799,43,7
2025-12-29,SKU001,Wireless Mouse,Accessories,39,799,43,7
2025-12-30,SKU001,Wireless Mouse,Accessories,53,799,43,7
2025-12-31,SKU001,Wireless Mouse,Accessories,65,799,43,7
2026-01-01,SKU001,Wireless Mouse,Accessories,30,799,43,7
2026-01-02,SKU001,Wireless Mouse,Accessories,42,799,43,7
2026-01-03,SKU001,Wireless Mouse,Accessories,46,799,43,7
2026-01-04,SKU001,Wireless Mouse,Accessories,32,799,43,7
2026-01-05,SKU001,Wireless Mouse,Accessories,27,799,43,7
2026-01-06,SKU001,Wireless Mouse,Accessories,35,799,43,7
2026-01-07,SKU001,Wireless Mouse,Accessories,29,799,43,7
2026-01-08,SKU001,Wireless Mouse,Accessories,37,799,43,7
2026-01-09,SKU001,Wireless Mouse,Accessories,39,799,43,7
2026-01-10,SKU001,Wireless Mouse,Accessories,56,799,43,7
2026-01-11,SKU001,Wireless Mouse,Accessories,31,799,43,7
2026-01-12,SKU001,Wireless Mouse,Accessories,33,799,43,7
2026-01-13,SKU001,Wireless Mouse,Accessories,39,799,43,7
2026-01-14,SKU001,Wireless Mouse,Accessories,29,799,43,7
2026-01-15,SKU001,Wireless Mouse,Accessories,36,799,43,7
2026-01-16,SKU001,Wireless Mouse,Accessories,54,799,43,7
2026-01-17,SKU001,Wireless Mouse,Accessories,35,799,43,7
2026-01-18,SKU001,Wireless Mouse,Accessories,36,799,43,7
2026-01-19,SKU001,Wireless Mouse,Accessories,36,799,43,7
2026-01-20,SKU001,Wireless Mouse,Accessories,39,799,43,7
2026-01-21,SKU001,Wireless Mouse,Accessories,29,799,43,7
2026-01-22,SKU001,Wireless Mouse,Accessories,28,799,43,7
2026-01-23,SKU001,Wireless Mouse,Accessories,49,799,43,7
2026-01-24,SKU001,Wireless Mouse,Accessories,48,799,43,7
2026-01-25,SKU001,Wireless Mouse,Accessories,36,799,43,7
2026-01-26,SKU001,Wireless Mouse,Accessories,37,799,43,7
2026-01-27,SKU001,Wireless Mouse,Accessories,31,799,43,7
2026-01-28,SKU001,Wireless Mouse,Accessories,36,799,43,7
2026-01-29,SKU001,Wireless Mouse,Accessories,37,799,43,7
2026-01-30,SKU001,Wireless Mouse,Accessories,41,799,43,7
2026-01-31,SKU001,Wireless Mouse,Accessories,58,799,43,7
2026-02-01,SKU001,Wireless Mouse,Accessories,37,799,43,7
2026-02-02,SKU001,Wireless Mouse,Accessories,29,799,43,7
2026-02-03,SKU001,Wireless Mouse,Accessories,38,799,43,7
2026-02-04,SKU001,Wireless Mouse,Accessories,30,799,43,7
2026-02-05,SKU001,Wireless Mouse,Accessories,39,799,43,7
2026-02-06,SKU001,Wireless Mouse,Accessories,53,799,43,7
2026-02-07,SKU001,Wireless Mouse,Accessories,40,799,43,7
2026-02-08,SKU001,Wireless Mouse,Accessories,40,799,43,7
2026-02-09,SKU001,Wireless Mouse,Accessories,37,799,43,7
2026-02-10,SKU001,Wireless Mouse,Accessories,39,799,43,7
2026-02-11,SKU001,Wireless Mouse,Accessories,45,799,43,7
2026-02-12,SKU001,Wireless Mouse,Accessories,34,799,43,7
2026-02-13,SKU001,Wireless Mouse,Accessories,40,799,43,7
2026-02-14,SKU001,Wireless Mouse,Accessories,39,799,43,7
2026-02-15,SKU001,Wireless Mouse,Accessories,31,799,43,7
2026-02-16,SKU001,Wireless Mouse,Accessories,35,799,43,7
2026-02-17,SKU001,Wireless Mouse,Accessories,37,799,43,7
2026-02-18,SKU001,Wireless Mouse,Accessories,36,799,43,7
2026-02-19,SKU001,Wireless Mouse,Accessories,39,799,43,7
2026-02-20,SKU001,Wireless Mouse,Accessories,46,799,43,7
2026-02-21,SKU001,Wireless Mouse,Accessories,55,799,43,7
2026-02-22,SKU001,Wireless Mouse,Accessories,34,799,43,7
2026-02-23,SKU001,Wireless Mouse,Accessories,49,799,43,7
2026-02-24,SKU001,Wireless Mouse,Accessories,38,799,43,7
2026-02-25,SKU001,Wireless Mouse,Accessories,30,799,43,7
2026-02-26,SKU001,Wireless Mouse,Accessories,29,799,43,7
2026-02-27,SKU001,Wireless Mouse,Accessories,49,799,43,7
2026-02-28,SKU001,Wireless Mouse,Accessories,44,799,43,7
2026-03-01,SKU001,Wireless Mouse,Accessories,39,799,43,7
2026-03-02,SKU001,Wireless Mouse,Accessories,37,799,43,7
2026-03-03,SKU001,Wireless Mouse,Accessories,35,799,43,7
2026-03-04,SKU001,Wireless Mouse,Accessories,31,799,43,7
2026-03-05,SKU001,Wireless Mouse,Accessories,27,799,43,7
2026-03-06,SKU001,Wireless Mouse,Accessories,42,799,43,7
2026-03-07,SKU001,Wireless Mouse,Accessories,51,799,43,7
2026-03-08,SKU001,Wireless Mouse,Accessories,36,799,43,7
2026-03-09,SKU001,Wireless Mouse,Accessories,28,799,43,7
2026-03-10,SKU001,Wireless Mouse,Accessories,36,799,43,7
2026-03-11,SKU001,Wireless Mouse,Accessories,37,799,43,7
2026-03-12,SKU001,Wireless Mouse,Accessories,30,799,43,7
2026-03-13,SKU001,Wireless Mouse,Accessories,47,799,43,7
2026-03-14,SKU001,Wireless Mouse,Accessories,46,799,43,7
2026-03-15,SKU001,Wireless Mouse,Accessories,29,799,43,7
2026-03-16,SKU001,Wireless Mouse,Accessories,37,799,43,7
2026-03-17,SKU001,Wireless Mouse,Accessories,38,799,43,7
2026-03-18,SKU001,Wireless Mouse,Accessories,41,799,43,7
2026-03-19,SKU001,Wireless Mouse,Accessories,41,799,43,7
2026-03-20,SKU001,Wireless Mouse,Accessories,36,799,43,7
2026-03-21,SKU001,Wireless Mouse,Accessories,39,799,43,7
2026-03-22,SKU001,Wireless Mouse,Accessories,38,799,43,7
2026-03-23,SKU001,Wireless Mouse,Accessories,38,799,43,7
2026-03-24,SKU001,Wireless Mouse,Accessories,38,799,43,7
2026-03-25,SKU001,Wireless Mouse,Accessories,55,799,43,7
2026-03-26,SKU001,Wireless Mouse,Accessories,38,799,43,7
2026-03-27,SKU001,Wireless Mouse,Accessories,53,799,43,7
2026-03-28,SKU001,Wireless Mouse,Accessories,52,799,43,7
2026-03-29,SKU001,Wireless Mouse,Accessories,38,799,43,7
2026-03-30,SKU001,Wireless Mouse,Accessories,33,799,43,7
2026-03-31,SKU001,Wireless Mouse,Accessories,39,799,43,7
2026-04-01,SKU001,Wireless Mouse,Accessories,31,799,43,7
2026-04-02,SKU001,Wireless Mouse,Accessories,34,799,43,7
2026-04-03,SKU001,Wireless Mouse,Accessories,42,799,43,7
2026-04-04,SKU001,Wireless Mouse,Accessories,46,799,43,7
2026-04-05,SKU001,Wireless Mouse,Accessories,47,799,43,7
2026-04-06,SKU001,Wireless Mouse,Accessories,25,799,43,7
2026-04-07,SKU001,Wireless Mouse,Accessories,39,799,43,7
2026-04-08,SKU001,Wireless Mouse,Accessories,27,799,43,7
2026-04-09,SKU001,Wireless Mouse,Accessories,33,799,43,7
2026-04-10,SKU001,Wireless Mouse,Accessories,53,799,43,7
2026-04-11,SKU001,Wireless Mouse,Accessories,46,799,43,7
2026-04-12,SKU001,Wireless Mouse,Accessories,29,799,43,7
2026-04-13,SKU001,Wireless Mouse,Accessories,31,799,43,7
2026-04-14,SKU001,Wireless Mouse,Accessories,39,799,43,7
2026-04-15,SKU001,Wireless Mouse,Accessories,31,799,43,7
2026-04-16,SKU001,Wireless Mouse,Accessories,36,799,43,7
2026-04-17,SKU001,Wireless Mouse,Accessories,46,799,43,7
2026-04-18,SKU001,Wireless Mouse,Accessories,41,799,43,7
2026-04-19,SKU001,Wireless Mouse,Accessories,46,799,43,7
2026-04-20,SKU001,Wireless Mouse,Accessories,38,799,43,7
2026-04-21,SKU001,Wireless Mouse,Accessories,24,799,43,7
2026-04-22,SKU001,Wireless Mouse,Accessories,36,799,43,7
2026-04-23,SKU001,Wireless Mouse,Accessories,32,799,43,7
2026-04-24,SKU001,Wireless Mouse,Accessories,51,799,43,7
2026-04-25,SKU001,Wireless Mouse,Accessories,40,799,43,7
2026-04-26,SKU001,Wireless Mouse,Accessories,34,799,43,7
2026-04-27,SKU001,Wireless Mouse,Accessories,38,799,43,7
2026-04-28,SKU001,Wireless Mouse,Accessories,40,799,43,7
2026-04-29,SKU001,Wireless Mouse,Accessories,29,799,43,7
2026-04-30,SKU001,Wireless Mouse,Accessories,33,799,43,7
2026-05-01,SKU001,Wireless Mouse,Accessories,42,799,43,7
2026-05-02,SKU001,Wireless Mouse,Accessories,41,799,43,7
2026-05-03,SKU001,Wireless Mouse,Accessories,44,799,43,7
2026-05-04,SKU001,Wireless Mouse,Accessories,37,799,43,7
2026-05-05,SKU001,Wireless Mouse,Accessories,28,799,43,7
2026-05-06,SKU001,Wireless Mouse,Accessories,40,799,43,7
2026-05-07,SKU001,Wireless Mouse,Accessories,46,799,43,7
2026-05-08,SKU001,Wireless Mouse,Accessories,53,799,43,7
2026-05-09,SKU001,Wireless Mouse,Accessories,35,799,43,7
2026-05-10,SKU001,Wireless Mouse,Accessories,32,799,43,7
2026-05-11,SKU001,Wireless Mouse,Accessories,42,799,43,7
2026-05-12,SKU001,Wireless Mouse,Accessories,31,799,43,7
2026-05-13,SKU001,Wireless Mouse,Accessories,37,799,43,7
2026-05-14,SKU001,Wireless Mouse,Accessories,39,799,43,7
2026-05-15,SKU001,Wireless Mouse,Accessories,39,799,43,7
2026-05-16,SKU001,Wireless Mouse,Accessories,45,799,43,7
2026-05-17,SKU001,Wireless Mouse,Accessories,18,799,43,7
2026-05-18,SKU001,Wireless Mouse,Accessories,30,799,43,7
2026-05-19,SKU001,Wireless Mouse,Accessories,34,799,43,7
2026-05-20,SKU001,Wireless Mouse,Accessories,28,799,43,7
2026-05-21,SKU001,Wireless Mouse,Accessories,44,799,43,7
2026-05-22,SKU001,Wireless Mouse,Accessories,36,799,43,7
2026-05-23,SKU001,Wireless Mouse,Accessories,42,799,43,7
2026-05-24,SKU001,Wireless Mouse,Accessories,36,799,43,7
2026-05-25,SKU001,Wireless Mouse,Accessories,43,799,43,7
2026-05-26,SKU001,Wireless Mouse,Accessories,27,799,43,7
2026-05-27,SKU001,Wireless Mouse,Accessories,41,799,43,7
2026-05-28,SKU001,Wireless Mouse,Accessories,35,799,43,7
2026-05-29,SKU001,Wireless Mouse,Accessories,39,799,43,7
2026-05-30,SKU001,Wireless Mouse,Accessories,49,799,43,7
2026-05-31,SKU001,Wireless Mouse,Accessories,36,799,43,7
2026-06-01,SKU001,Wireless Mouse,Accessories,32,799,43,7
2026-06-02,SKU001,Wireless Mouse,Accessories,35,799,43,7
2026-06-03,SKU001,Wireless Mouse,Accessories,33,799,43,7
2026-06-04,SKU001,Wireless Mouse,Accessories,36,799,43,7
2026-06-05,SKU001,Wireless Mouse,Accessories,50,799,43,7
2026-06-06,SKU001,Wireless Mouse,Accessories,56,799,43,7
2026-06-07,SKU001,Wireless Mouse,Accessories,29,799,43,7
2026-06-08,SKU001,Wireless Mouse,Accessories,46,799,43,7
2026-06-09,SKU001,Wireless Mouse,Accessories,25,799,43,7
2026-06-10,SKU001,Wireless Mouse,Accessories,34,799,43,7
2026-06-11,SKU001,Wireless Mouse,Accessories,38,799,43,7
2026-06-12,SKU001,Wireless Mouse,Accessories,47,799,43,7
2026-06-13,SKU001,Wireless Mouse,Accessories,41,799,43,7
2026-06-14,SKU001,Wireless Mouse,Accessories,34,799,43,7
2026-06-15,SKU001,Wireless Mouse,Accessories,32,799,43,7
2026-06-16,SKU001,Wireless Mouse,Accessories,32,799,43,7
2026-06-17,SKU001,Wireless Mouse,Accessories,39,799,43,7
2026-06-18,SKU001,Wireless Mouse,Accessories,37,799,43,7
2026-06-19,SKU001,Wireless Mouse,Accessories,41,799,43,7
2026-06-20,SKU001,Wireless Mouse,Accessories,52,799,43,7
2026-06-21,SKU001,Wireless Mouse,Accessories,37,799,43,7
2026-06-22,SKU001,Wireless Mouse,Accessories,39,799,43,7
2026-06-23,SKU001,Wireless Mouse,Accessories,38,799,43,7
2026-06-24,SKU001,Wireless Mouse,Accessories,31,799,43,7
2026-06-25,SKU001,Wireless Mouse,Accessories,32,799,43,7
2026-06-26,SKU001,Wireless Mouse,Accessories,51,799,43,7
2026-06-27,SKU001,Wireless Mouse,Accessories,50,799,43,7
2026-06-28,SKU001,Wireless Mouse,Accessories,35,799,43,7
2026-06-29,SKU001,Wireless Mouse,Accessories,36,799,43,7
2026-06-30,SKU001,Wireless Mouse,Accessories,42,799,43,7
2026-07-01,SKU001,Wireless Mouse,Accessories,32,799,43,7
2026-07-02,SKU001,Wireless Mouse,Accessories,38,799,43,7
2026-07-03,SKU001,Wireless Mouse,Accessories,44,799,43,7
2026-07-04,SKU001,Wireless Mouse,Accessories,44,799,43,7
2026-07-05,SKU001,Wireless Mouse,Accessories,41,799,43,7
2026-07-06,SKU001,Wireless Mouse,Accessories,39,799,43,7
2026-07-07,SKU001,Wireless Mouse,Accessories,39,799,43,7
2026-07-08,SKU001,Wireless Mouse,Accessories,42,799,43,7
2026-07-09,SKU001,Wireless Mouse,Accessories,35,799,43,7
2026-07-10,SKU001,Wireless Mouse,Accessories,50,799,43,7
2026-07-11,SKU001,Wireless Mouse,Accessories,43,799,43,7
2026-07-12,SKU001,Wireless Mouse,Accessories,37,799,43,7
2026-07-13,SKU001,Wireless Mouse,Accessories,34,799,43,7
2026-07-14,SKU001,Wireless Mouse,Accessories,36,799,43,7
2026-07-15,SKU001,Wireless Mouse,Accessories,38,799,43,7
2026-07-16,SKU001,Wireless Mouse,Accessories,31,799,43,7
2026-07-17,SKU001,Wireless Mouse,Accessories,60,799,43,7
2026-07-18,SKU001,Wireless Mouse,Accessories,39,799,43,7
2026-07-19,SKU001,Wireless Mouse,Accessories,29,799,43,7
2026-07-20,SKU001,Wireless Mouse,Accessories,41,799,43,7
2026-07-21,SKU001,Wireless Mouse,Accessories,39,799,43,7
2026-07-22,SKU001,Wireless Mouse,Accessories,38,799,43,7
2026-07-23,SKU001,Wireless Mouse,Accessories,38,799,43,7
2026-07-24,SKU001,Wireless Mouse,Accessories,45,799,43,7
2026-07-25,SKU001,Wireless Mouse,Accessories,39,799,43,7
2026-07-26,SKU001,Wireless Mouse,Accessories,35,799,43,7
2026-07-27,SKU001,Wireless Mouse,Accessories,31,799,43,7
2026-07-28,SKU001,Wireless Mouse,Accessories,40,799,43,7
2026-07-29,SKU001,Wireless Mouse,Accessories,34,799,43,7
2026-07-30,SKU001,Wireless Mouse,Accessories,31,799,43,7
2026-07-31,SKU001,Wireless Mouse,Accessories,43,799,43,7
2026-08-01,SKU001,Wireless Mouse,Accessories,48,799,43,7
2026-08-02,SKU001,Wireless Mouse,Accessories,32,799,43,7
2026-08-03,SKU001,Wireless Mouse,Accessories,31,799,43,7
2026-08-04,SKU001,Wireless Mouse,Accessories,36,799,43,7
2026-08-05,SKU001,Wireless Mouse,Accessories,36,799,43,7
2026-08-06,SKU001,Wireless Mouse,Accessories,32,799,43,7
2026-08-07,SKU001,Wireless Mouse,Accessories,42,799,43,7
2026-08-08,SKU001,Wireless Mouse,Accessories,47,799,43,7
2026-08-09,SKU001,Wireless Mouse,Accessories,27,799,43,7
2026-08-10,SKU001,Wireless Mouse,Accessories,28,799,43,7
2026-08-11,SKU001,Wireless Mouse,Accessories,31,799,43,7
2026-08-12,SKU001,Wireless Mouse,Accessories,34,799,43,7
2026-08-13,SKU001,Wireless Mouse,Accessories,37,799,43,7
2026-08-14,SKU001,Wireless Mouse,Accessories,56,799,43,7
2026-08-15,SKU001,Wireless Mouse,Accessories,51,799,43,7
2026-08-16,SKU001,Wireless Mouse,Accessories,34,799,43,7
2026-08-17,SKU001,Wireless Mouse,Accessories,35,799,43,7
2026-08-18,SKU001,Wireless Mouse,Accessories,30,799,43,7
2026-08-19,SKU001,Wireless Mouse,Accessories,35,799,43,7
2026-08-20,SKU001,Wireless Mouse,Accessories,33,799,43,7
2026-08-21,SKU001,Wireless Mouse,Accessories,48,799,43,7
2026-08-22,SKU001,Wireless Mouse,Accessories,40,799,43,7
2026-08-23,SKU001,Wireless Mouse,Accessories,38,799,43,7
2026-08-24,SKU001,Wireless Mouse,Accessories,43,799,43,7
2026-08-25,SKU001,Wireless Mouse,Accessories,34,799,43,7
2026-08-26,SKU001,Wireless Mouse,Accessories,37,799,43,7
2026-08-27,SKU001,Wireless Mouse,Accessories,39,799,43,7
2026-08-28,SKU001,Wireless Mouse,Accessories,43,799,43,7
2025-08-28,SKU002,Mechanical Keyboard,Electronics,16,3499,180,10
2025-08-29,SKU002,Mechanical Keyboard,Electronics,20,3499,180,10
2025-08-30,SKU002,Mechanical Keyboard,Electronics,20,3499,180,10
2025-08-31,SKU002,Mechanical Keyboard,Electronics,13,3499,180,10
2025-09-01,SKU002,Mechanical Keyboard,Electronics,15,3499,180,10
2025-09-02,SKU002,Mechanical Keyboard,Electronics,16,3499,180,10
2025-09-03,SKU002,Mechanical Keyboard,Electronics,18,3499,180,10
2025-09-04,SKU002,Mechanical Keyboard,Electronics,17,3499,180,10
2025-09-05,SKU002,Mechanical Keyboard,Electronics,26,3499,180,10
2025-09-06,SKU002,Mechanical Keyboard,Electronics,17,3499,180,10
2025-09-07,SKU002,Mechanical Keyboard,Electronics,17,3499,180,10
2025-09-08,SKU002,Mechanical Keyboard,Electronics,15,3499,180,10
2025-09-09,SKU002,Mechanical Keyboard,Electronics,20,3499,180,10
2025-09-10,SKU002,Mechanical Keyboard,Electronics,13,3499,180,10
2025-09-11,SKU002,Mechanical Keyboard,Electronics,13,3499,180,10
2025-09-12,SKU002,Mechanical Keyboard,Electronics,18,3499,180,10
2025-09-13,SKU002,Mechanical Keyboard,Electronics,13,3499,180,10
2025-09-14,SKU002,Mechanical Keyboard,Electronics,14,3499,180,10
2025-09-15,SKU002,Mechanical Keyboard,Electronics,13,3499,180,10
2025-09-16,SKU002,Mechanical Keyboard,Electronics,15,3499,180,10
2025-09-17,SKU002,Mechanical Keyboard,Electronics,16,3499,180,10
2025-09-18,SKU002,Mechanical Keyboard,Electronics,19,3499,180,10
2025-09-19,SKU002,Mechanical Keyboard,Electronics,22,3499,180,10
2025-09-20,SKU002,Mechanical Keyboard,Electronics,18,3499,180,10
2025-09-21,SKU002,Mechanical Keyboard,Electronics,13,3499,180,10
2025-09-22,SKU002,Mechanical Keyboard,Electronics,16,3499,180,10
2025-09-23,SKU002,Mechanical Keyboard,Electronics,12,3499,180,10
2025-09-24,SKU002,Mechanical Keyboard,Electronics,19,3499,180,10
2025-09-25,SKU002,Mechanical Keyboard,Electronics,18,3499,180,10
2025-09-26,SKU002,Mechanical Keyboard,Electronics,18,3499,180,10
2025-09-27,SKU002,Mechanical Keyboard,Electronics,14,3499,180,10
2025-09-28,SKU002,Mechanical Keyboard,Electronics,18,3499,180,10
2025-09-29,SKU002,Mechanical Keyboard,Electronics,15,3499,180,10
2025-09-30,SKU002,Mechanical Keyboard,Electronics,18,3499,180,10
2025-10-01,SKU002,Mechanical Keyboard,Electronics,11,3499,180,10
2025-10-02,SKU002,Mechanical Keyboard,Electronics,14,3499,180,10
2025-10-03,SKU002,Mechanical Keyboard,Electronics,20,3499,180,10
2025-10-04,SKU002,Mechanical Keyboard,Electronics,20,3499,180,10
2025-10-05,SKU002,Mechanical Keyboard,Electronics,14,3499,180,10
2025-10-06,SKU002,Mechanical Keyboard,Electronics,16,3499,180,10
2025-10-07,SKU002,Mechanical Keyboard,Electronics,13,3499,180,10
2025-10-08,SKU002,Mechanical Keyboard,Electronics,15,3499,180,10
2025-10-09,SKU002,Mechanical Keyboard,Electronics,15,3499,180,10
2025-10-10,SKU002,Mechanical Keyboard,Electronics,21,3499,180,10
2025-10-11,SKU002,Mechanical Keyboard,Electronics,22,3499,180,10
2025-10-12,SKU002,Mechanical Keyboard,Electronics,12,3499,180,10
2025-10-13,SKU002,Mechanical Keyboard,Electronics,12,3499,180,10
2025-10-14,SKU002,Mechanical Keyboard,Electronics,18,3499,180,10
2025-10-15,SKU002,Mechanical Keyboard,Electronics,16,3499,180,10
2025-10-16,SKU002,Mechanical Keyboard,Electronics,13,3499,180,10
2025-10-17,SKU002,Mechanical Keyboard,Electronics,24,3499,180,10
2025-10-18,SKU002,Mechanical Keyboard,Electronics,20,3499,180,10
2025-10-19,SKU002,Mechanical Keyboard,Electronics,18,3499,180,10
2025-10-20,SKU002,Mechanical Keyboard,Electronics,15,3499,180,10
2025-10-21,SKU002,Mechanical Keyboard,Electronics,20,3499,180,10
2025-10-22,SKU002,Mechanical Keyboard,Electronics,19,3499,180,10
2025-10-23,SKU002,Mechanical Keyboard,Electronics,14,3499,180,10
2025-10-24,SKU002,Mechanical Keyboard,Electronics,22,3499,180,10
2025-10-25,SKU002,Mechanical Keyboard,Electronics,21,3499,180,10
2025-10-26,SKU002,Mechanical Keyboard,Electronics,18,3499,180,10
2025-10-27,SKU002,Mechanical Keyboard,Electronics,13,3499,180,10
2025-10-28,SKU002,Mechanical Keyboard,Electronics,17,3499,180,10
2025-10-29,SKU002,Mechanical Keyboard,Electronics,17,3499,180,10
2025-10-30,SKU002,Mechanical Keyboard,Electronics,11,3499,180,10
2025-10-31,SKU002,Mechanical Keyboard,Electronics,16,3499,180,10
2025-11-01,SKU002,Mechanical Keyboard,Electronics,19,3499,180,10
2025-11-02,SKU002,Mechanical Keyboard,Electronics,20,3499,180,10
2025-11-03,SKU002,Mechanical Keyboard,Electronics,23,3499,180,10
2025-11-04,SKU002,Mechanical Keyboard,Electronics,26,3499,180,10
2025-11-05,SKU002,Mechanical Keyboard,Electronics,21,3499,180,10
2025-11-06,SKU002,Mechanical Keyboard,Electronics,26,3499,180,10
2025-11-07,SKU002,Mechanical Keyboard,Electronics,22,3499,180,10
2025-11-08,SKU002,Mechanical Keyboard,Electronics,20,3499,180,10
2025-11-09,SKU002,Mechanical Keyboard,Electronics,21,3499,180,10
2025-11-10,SKU002,Mechanical Keyboard,Electronics,22,3499,180,10
2025-11-11,SKU002,Mechanical Keyboard,Electronics,21,3499,180,10
2025-11-12,SKU002,Mechanical Keyboard,Electronics,14,3499,180,10
2025-11-13,SKU002,Mechanical Keyboard,Electronics,21,3499,180,10
2025-11-14,SKU002,Mechanical Keyboard,Electronics,22,3499,180,10
2025-11-15,SKU002,Mechanical Keyboard,Electronics,30,3499,180,10
2025-11-16,SKU002,Mechanical Keyboard,Electronics,22,3499,180,10
2025-11-17,SKU002,Mechanical Keyboard,Electronics,18,3499,180,10
2025-11-18,SKU002,Mechanical Keyboard,Electronics,19,3499,180,10
2025-11-19,SKU002,Mechanical Keyboard,Electronics,18,3499,180,10
2025-11-20,SKU002,Mechanical Keyboard,Electronics,21,3499,180,10
2025-11-21,SKU002,Mechanical Keyboard,Electronics,31,3499,180,10
2025-11-22,SKU002,Mechanical Keyboard,Electronics,23,3499,180,10
2025-11-23,SKU002,Mechanical Keyboard,Electronics,23,3499,180,10
2025-11-24,SKU002,Mechanical Keyboard,Electronics,19,3499,180,10
2025-11-25,SKU002,Mechanical Keyboard,Electronics,19,3499,180,10
2025-11-26,SKU002,Mechanical Keyboard,Electronics,21,3499,180,10
2025-11-27,SKU002,Mechanical Keyboard,Electronics,18,3499,180,10
2025-11-28,SKU002,Mechanical Keyboard,Electronics,25,3499,180,10
2025-11-29,SKU002,Mechanical Keyboard,Electronics,22,3499,180,10
2025-11-30,SKU002,Mechanical Keyboard,Electronics,27,3499,180,10
2025-12-01,SKU002,Mechanical Keyboard,Electronics,21,3499,180,10
2025-12-02,SKU002,Mechanical Keyboard,Electronics,19,3499,180,10
2025-12-03,SKU002,Mechanical Keyboard,Electronics,22,3499,180,10
2025-12-04,SKU002,Mechanical Keyboard,Electronics,21,3499,180,10
2025-12-05,SKU002,Mechanical Keyboard,Electronics,26,3499,180,10
2025-12-06,SKU002,Mechanical Keyboard,Electronics,30,3499,180,10
2025-12-07,SKU002,Mechanical Keyboard,Electronics,23,3499,180,10
2025-12-08,SKU002,Mechanical Keyboard,Electronics,19,3499,180,10
2025-12-09,SKU002,Mechanical Keyboard,Electronics,19,3499,180,10
2025-12-10,SKU002,Mechanical Keyboard,Electronics,20,3499,180,10
2025-12-11,SKU002,Mechanical Keyboard,Electronics,14,3499,180,10
2025-12-12,SKU002,Mechanical Keyboard,Electronics,21,3499,180,10
2025-12-13,SKU002,Mechanical Keyboard,Electronics,33,3499,180,10
2025-12-14,SKU002,Mechanical Keyboard,Electronics,26,3499,180,10
2025-12-15,SKU002,Mechanical Keyboard,Electronics,20,3499,180,10
2025-12-16,SKU002,Mechanical Keyboard,Electronics,23,3499,180,10
2025-12-17,SKU002,Mechanical Keyboard,Electronics,22,3499,180,10
2025-12-18,SKU002,Mechanical Keyboard,Electronics,31,3499,180,10
2025-12-19,SKU002,Mechanical Keyboard,Electronics,32,3499,180,10
2025-12-20,SKU002,Mechanical Keyboard,Electronics,27,3499,180,10
2025-12-21,SKU002,Mechanical Keyboard,Electronics,18,3499,180,10
2025-12-22,SKU002,Mechanical Keyboard,Electronics,16,3499,180,10
2025-12-23,SKU002,Mechanical Keyboard,Electronics,22,3499,180,10
2025-12-24,SKU002,Mechanical Keyboard,Electronics,19,3499,180,10
2025-12-25,SKU002,Mechanical Keyboard,Electronics,17,3499,180,10
2025-12-26,SKU002,Mechanical Keyboard,Electronics,25,3499,180,10
2025-12-27,SKU002,Mechanical Keyboard,Electronics,23,3499,180,10
2025-12-28,SKU002,Mechanical Keyboard,Electronics,26,3499,180,10
2025-12-29,SKU002,Mechanical Keyboard,Electronics,24,3499,180,10
2025-12-30,SKU002,Mechanical Keyboard,Electronics,21,3499,180,10
2025-12-31,SKU002,Mechanical Keyboard,Electronics,26,3499,180,10
2026-01-01,SKU002,Mechanical Keyboard,Electronics,15,3499,180,10
2026-01-02,SKU002,Mechanical Keyboard,Electronics,17,3499,180,10
2026-01-03,SKU002,Mechanical Keyboard,Electronics,24,3499,180,10
2026-01-04,SKU002,Mechanical Keyboard,Electronics,16,3499,180,10
2026-01-05,SKU002,Mechanical Keyboard,Electronics,13,3499,180,10
2026-01-06,SKU002,Mechanical Keyboard,Electronics,15,3499,180,10
2026-01-07,SKU002,Mechanical Keyboard,Electronics,13,3499,180,10
2026-01-08,SKU002,Mechanical Keyboard,Electronics,12,3499,180,10
2026-01-09,SKU002,Mechanical Keyboard,Electronics,22,3499,180,10
2026-01-10,SKU002,Mechanical Keyboard,Electronics,25,3499,180,10
2026-01-11,SKU002,Mechanical Keyboard,Electronics,12,3499,180,10
2026-01-12,SKU002,Mechanical Keyboard,Electronics,16,3499,180,10
2026-01-13,SKU002,Mechanical Keyboard,Electronics,14,3499,180,10
2026-01-14,SKU002,Mechanical Keyboard,Electronics,14,3499,180,10
2026-01-15,SKU002,Mechanical Keyboard,Electronics,14,3499,180,10
2026-01-16,SKU002,Mechanical Keyboard,Electronics,17,3499,180,10
2026-01-17,SKU002,Mechanical Keyboard,Electronics,20,3499,180,10
2026-01-18,SKU002,Mechanical Keyboard,Electronics,13,3499,180,10
2026-01-19,SKU002,Mechanical Keyboard,Electronics,16,3499,180,10
2026-01-20,SKU002,Mechanical Keyboard,Electronics,15,3499,180,10
2026-01-21,SKU002,Mechanical Keyboard,Electronics,14,3499,180,10
2026-01-22,SKU002,Mechanical Keyboard,Electronics,13,3499,180,10
2026-01-23,SKU002,Mechanical Keyboard,Electronics,18,3499,180,10
2026-01-24,SKU002,Mechanical Keyboard,Electronics,22,3499,180,10
2026-01-25,SKU002,Mechanical Keyboard,Electronics,16,3499,180,10
2026-01-26,SKU002,Mechanical Keyboard,Electronics,13,3499,180,10
2026-01-27,SKU002,Mechanical Keyboard,Electronics,15,3499,180,10
2026-01-28,SKU002,Mechanical Keyboard,Electronics,17,3499,180,10
2026-01-29,SKU002,Mechanical Keyboard,Electronics,11,3499,180,10
2026-01-30,SKU002,Mechanical Keyboard,Electronics,21,3499,180,10
2026-01-31,SKU002,Mechanical Keyboard,Electronics,18,3499,180,10
2026-02-01,SKU002,Mechanical Keyboard,Electronics,16,3499,180,10
2026-02-02,SKU002,Mechanical Keyboard,Electronics,13,3499,180,10
2026-02-03,SKU002,Mechanical Keyboard,Electronics,11,3499,180,10
2026-02-04,SKU002,Mechanical Keyboard,Electronics,11,3499,180,10
2026-02-05,SKU002,Mechanical Keyboard,Electronics,15,3499,180,10
2026-02-06,SKU002,Mechanical Keyboard,Electronics,20,3499,180,10
2026-02-07,SKU002,Mechanical Keyboard,Electronics,17,3499,180,10
2026-02-08,SKU002,Mechanical Keyboard,Electronics,16,3499,180,10
2026-02-09,SKU002,Mechanical Keyboard,Electronics,11,3499,180,10
2026-02-10,SKU002,Mechanical Keyboard,Electronics,15,3499,180,10
2026-02-11,SKU002,Mechanical Keyboard,Electronics,12,3499,180,10
2026-02-12,SKU002,Mechanical Keyboard,Electronics,14,3499,180,10
2026-02-13,SKU002,Mechanical Keyboard,Electronics,20,3499,180,10
2026-02-14,SKU002,Mechanical Keyboard,Electronics,17,3499,180,10
2026-02-15,SKU002,Mechanical Keyboard,Electronics,14,3499,180,10
2026-02-16,SKU002,Mechanical Keyboard,Electronics,17,3499,180,10
2026-02-17,SKU002,Mechanical Keyboard,Electronics,14,3499,180,10
2026-02-18,SKU002,Mechanical Keyboard,Electronics,17,3499,180,10
2026-02-19,SKU002,Mechanical Keyboard,Electronics,12,3499,180,10
2026-02-20,SKU002,Mechanical Keyboard,Electronics,21,3499,180,10
2026-02-21,SKU002,Mechanical Keyboard,Electronics,24,3499,180,10
2026-02-22,SKU002,Mechanical Keyboard,Electronics,9,3499,180,10
2026-02-23,SKU002,Mechanical Keyboard,Electronics,13,3499,180,10
2026-02-24,SKU002,Mechanical Keyboard,Electronics,16,3499,180,10
2026-02-25,SKU002,Mechanical Keyboard,Electronics,15,3499,180,10
2026-02-26,SKU002,Mechanical Keyboard,Electronics,16,3499,180,10
2026-02-27,SKU002,Mechanical Keyboard,Electronics,18,3499,180,10
2026-02-28,SKU002,Mechanical Keyboard,Electronics,20,3499,180,10
2026-03-01,SKU002,Mechanical Keyboard,Electronics,15,3499,180,10
2026-03-02,SKU002,Mechanical Keyboard,Electronics,18,3499,180,10
2026-03-03,SKU002,Mechanical Keyboard,Electronics,16,3499,180,10
2026-03-04,SKU002,Mechanical Keyboard,Electronics,16,3499,180,10
2026-03-05,SKU002,Mechanical Keyboard,Electronics,14,3499,180,10
2026-03-06,SKU002,Mechanical Keyboard,Electronics,18,3499,180,10
2026-03-07,SKU002,Mechanical Keyboard,Electronics,18,3499,180,10
2026-03-08,SKU002,Mechanical Keyboard,Electronics,16,3499,180,10
2026-03-09,SKU002,Mechanical Keyboard,Electronics,14,3499,180,10
2026-03-10,SKU002,Mechanical Keyboard,Electronics,16,3499,180,10
2026-03-11,SKU002,Mechanical Keyboard,Electronics,20,3499,180,10
2026-03-12,SKU002,Mechanical Keyboard,Electronics,17,3499,180,10
2026-03-13,SKU002,Mechanical Keyboard,Electronics,19,3499,180,10
2026-03-14,SKU002,Mechanical Keyboard,Electronics,23,3499,180,10
2026-03-15,SKU002,Mechanical Keyboard,Electronics,14,3499,180,10
2026-03-16,SKU002,Mechanical Keyboard,Electronics,10,3499,180,10
2026-03-17,SKU002,Mechanical Keyboard,Electronics,13,3499,180,10
2026-03-18,SKU002,Mechanical Keyboard,Electronics,11,3499,180,10
2026-03-19,SKU002,Mechanical Keyboard,Electronics,14,3499,180,10
2026-03-20,SKU002,Mechanical Keyboard,Electronics,20,3499,180,10
2026-03-21,SKU002,Mechanical Keyboard,Electronics,24,3499,180,10
2026-03-22,SKU002,Mechanical Keyboard,Electronics,16,3499,180,10
2026-03-23,SKU002,Mechanical Keyboard,Electronics,15,3499,180,10
2026-03-24,SKU002,Mechanical Keyboard,Electronics,17,3499,180,10
2026-03-25,SKU002,Mechanical Keyboard,Electronics,10,3499,180,10
2026-03-26,SKU002,Mechanical Keyboard,Electronics,16,3499,180,10
2026-03-27,SKU002,Mechanical Keyboard,Electronics,22,3499,180,10
2026-03-28,SKU002,Mechanical Keyboard,Electronics,15,3499,180,10
2026-03-29,SKU002,Mechanical Keyboard,Electronics,18,3499,180,10
2026-03-30,SKU002,Mechanical Keyboard,Electronics,16,3499,180,10
2026-03-31,SKU002,Mechanical Keyboard,Electronics,14,3499,180,10
2026-04-01,SKU002,Mechanical Keyboard,Electronics,16,3499,180,10
2026-04-02,SKU002,Mechanical Keyboard,Electronics,20,3499,180,10
2026-04-03,SKU002,Mechanical Keyboard,Electronics,20,3499,180,10
2026-04-04,SKU002,Mechanical Keyboard,Electronics,20,3499,180,10
2026-04-05,SKU002,Mechanical Keyboard,Electronics,14,3499,180,10
2026-04-06,SKU002,Mechanical Keyboard,Electronics,13,3499,180,10
2026-04-07,SKU002,Mechanical Keyboard,Electronics,17,3499,180,10
2026-04-08,SKU002,Mechanical Keyboard,Electronics,13,3499,180,10
2026-04-09,SKU002,Mechanical Keyboard,Electronics,15,3499,180,10
2026-04-10,SKU002,Mechanical Keyboard,Electronics,18,3499,180,10
2026-04-11,SKU002,Mechanical Keyboard,Electronics,21,3499,180,10
2026-04-12,SKU002,Mechanical Keyboard,Electronics,16,3499,180,10
2026-04-13,SKU002,Mechanical Keyboard,Electronics,17,3499,180,10
2026-04-14,SKU002,Mechanical Keyboard,Electronics,14,3499,180,10
2026-04-15,SKU002,Mechanical Keyboard,Electronics,14,3499,180,10
2026-04-16,SKU002,Mechanical Keyboard,Electronics,13,3499,180,10
2026-04-17,SKU002,Mechanical Keyboard,Electronics,18,3499,180,10
2026-04-18,SKU002,Mechanical Keyboard,Electronics,21,3499,180,10
2026-04-19,SKU002,Mechanical Keyboard,Electronics,17,3499,180,10
2026-04-20,SKU002,Mechanical Keyboard,Electronics,13,3499,180,10
2026-04-21,SKU002,Mechanical Keyboard,Electronics,17,3499,180,10
2026-04-22,SKU002,Mechanical Keyboard,Electronics,18,3499,180,10
2026-04-23,SKU002,Mechanical Keyboard,Electronics,16,3499,180,10
2026-04-24,SKU002,Mechanical Keyboard,Electronics,25,3499,180,10
2026-04-25,SKU002,Mechanical Keyboard,Electronics,17,3499,180,10
2026-04-26,SKU002,Mechanical Keyboard,Electronics,12,3499,180,10
2026-04-27,SKU002,Mechanical Keyboard,Electronics,11,3499,180,10
2026-04-28,SKU002,Mechanical Keyboard,Electronics,18,3499,180,10
2026-04-29,SKU002,Mechanical Keyboard,Electronics,16,3499,180,10
2026-04-30,SKU002,Mechanical Keyboard,Electronics,15,3499,180,10
2026-05-01,SKU002,Mechanical Keyboard,Electronics,20,3499,180,10
2026-05-02,SKU002,Mechanical Keyboard,Electronics,16,3499,180,10
2026-05-03,SKU002,Mechanical Keyboard,Electronics,21,3499,180,10
2026-05-04,SKU002,Mechanical Keyboard,Electronics,15,3499,180,10
2026-05-05,SKU002,Mechanical Keyboard,Electronics,15,3499,180,10
2026-05-06,SKU002,Mechanical Keyboard,Electronics,17,3499,180,10
2026-05-07,SKU002,Mechanical Keyboard,Electronics,16,3499,180,10
2026-05-08,SKU002,Mechanical Keyboard,Electronics,20,3499,180,10
2026-05-09,SKU002,Mechanical Keyboard,Electronics,17,3499,180,10
2026-05-10,SKU002,Mechanical Keyboard,Electronics,16,3499,180,10
2026-05-11,SKU002,Mechanical Keyboard,Electronics,19,3499,180,10
2026-05-12,SKU002,Mechanical Keyboard,Electronics,18,3499,180,10
2026-05-13,SKU002,Mechanical Keyboard,Electronics,19,3499,180,10
2026-05-14,SKU002,Mechanical Keyboard,Electronics,14,3499,180,10
2026-05-15,SKU002,Mechanical Keyboard,Electronics,17,3499,180,10
2026-05-16,SKU002,Mechanical Keyboard,Electronics,19,3499,180,10
2026-05-17,SKU002,Mechanical Keyboard,Electronics,15,3499,180,10
2026-05-18,SKU002,Mechanical Keyboard,Electronics,17,3499,180,10
2026-05-19,SKU002,Mechanical Keyboard,Electronics,11,3499,180,10
2026-05-20,SKU002,Mechanical Keyboard,Electronics,18,3499,180,10
2026-05-21,SKU002,Mechanical Keyboard,Electronics,15,3499,180,10
2026-05-22,SKU002,Mechanical Keyboard,Electronics,18,3499,180,10
2026-05-23,SKU002,Mechanical Keyboard,Electronics,17,3499,180,10
2026-05-24,SKU002,Mechanical Keyboard,Electronics,11,3499,180,10
2026-05-25,SKU002,Mechanical Keyboard,Electronics,17,3499,180,10
2026-05-26,SKU002,Mechanical Keyboard,Electronics,15,3499,180,10
2026-05-27,SKU002,Mechanical Keyboard,Electronics,12,3499,180,10
2026-05-28,SKU002,Mechanical Keyboard,Electronics,12,3499,180,10
2026-05-29,SKU002,Mechanical Keyboard,Electronics,19,3499,180,10
2026-05-30,SKU002,Mechanical Keyboard,Electronics,24,3499,180,10
2026-05-31,SKU002,Mechanical Keyboard,Electronics,14,3499,180,10
2026-06-01,SKU002,Mechanical Keyboard,Electronics,12,3499,180,10
2026-06-02,SKU002,Mechanical Keyboard,Electronics,14,3499,180,10
2026-06-03,SKU002,Mechanical Keyboard,Electronics,14,3499,180,10
2026-06-04,SKU002,Mechanical Keyboard,Electronics,9,3499,180,10
2026-06-05,SKU002,Mechanical Keyboard,Electronics,19,3499,180,10
2026-06-06,SKU002,Mechanical Keyboard,Electronics,19,3499,180,10
2026-06-07,SKU002,Mechanical Keyboard,Electronics,17,3499,180,10
2026-06-08,SKU002,Mechanical Keyboard,Electronics,19,3499,180,10
2026-06-09,SKU002,Mechanical Keyboard,Electronics,18,3499,180,10
2026-06-10,SKU002,Mechanical Keyboard,Electronics,14,3499,180,10
2026-06-11,SKU002,Mechanical Keyboard,Electronics,13,3499,180,10
2026-06-12,SKU002,Mechanical Keyboard,Electronics,27,3499,180,10
2026-06-13,SKU002,Mechanical Keyboard,Electronics,20,3499,180,10
2026-06-14,SKU002,Mechanical Keyboard,Electronics,15,3499,180,10
2026-06-15,SKU002,Mechanical Keyboard,Electronics,15,3499,180,10
2026-06-16,SKU002,Mechanical Keyboard,Electronics,15,3499,180,10
2026-06-17,SKU002,Mechanical Keyboard,Electronics,15,3499,180,10
2026-06-18,SKU002,Mechanical Keyboard,Electronics,14,3499,180,10
2026-06-19,SKU002,Mechanical Keyboard,Electronics,18,3499,180,10
2026-06-20,SKU002,Mechanical Keyboard,Electronics,19,3499,180,10
2026-06-21,SKU002,Mechanical Keyboard,Electronics,14,3499,180,10
2026-06-22,SKU002,Mechanical Keyboard,Electronics,13,3499,180,10
2026-06-23,SKU002,Mechanical Keyboard,Electronics,15,3499,180,10
2026-06-24,SKU002,Mechanical Keyboard,Electronics,14,3499,180,10
2026-06-25,SKU002,Mechanical Keyboard,Electronics,18,3499,180,10
2026-06-26,SKU002,Mechanical Keyboard,Electronics,12,3499,180,10
2026-06-27,SKU002,Mechanical Keyboard,Electronics,23,3499,180,10
2026-06-28,SKU002,Mechanical Keyboard,Electronics,18,3499,180,10
2026-06-29,SKU002,Mechanical Keyboard,Electronics,10,3499,180,10
2026-06-30,SKU002,Mechanical Keyboard,Electronics,14,3499,180,10
2026-07-01,SKU002,Mechanical Keyboard,Electronics,14,3499,180,10
2026-07-02,SKU002,Mechanical Keyboard,Electronics,12,3499,180,10
2026-07-03,SKU002,Mechanical Keyboard,Electronics,17,3499,180,10
2026-07-04,SKU002,Mechanical Keyboard,Electronics,16,3499,180,10
2026-07-05,SKU002,Mechanical Keyboard,Electronics,19,3499,180,10
2026-07-06,SKU002,Mechanical Keyboard,Electronics,17,3499,180,10
2026-07-07,SKU002,Mechanical Keyboard,Electronics,18,3499,180,10
2026-07-08,SKU002,Mechanical Keyboard,Electronics,17,3499,180,10
2026-07-09,SKU002,Mechanical Keyboard,Electronics,12,3499,180,10
2026-07-10,SKU002,Mechanical Keyboard,Electronics,18,3499,180,10
2026-07-11,SKU002,Mechanical Keyboard,Electronics,21,3499,180,10
2026-07-12,SKU002,Mechanical Keyboard,Electronics,12,3499,180,10
2026-07-13,SKU002,Mechanical Keyboard,Electronics,17,3499,180,10
2026-07-14,SKU002,Mechanical Keyboard,Electronics,14,3499,180,10
2026-07-15,SKU002,Mechanical Keyboard,Electronics,14,3499,180,10
2026-07-16,SKU002,Mechanical Keyboard,Electronics,17,3499,180,10
2026-07-17,SKU002,Mechanical Keyboard,Electronics,21,3499,180,10
2026-07-18,SKU002,Mechanical Keyboard,Electronics,18,3499,180,10
2026-07-19,SKU002,Mechanical Keyboard,Electronics,18,3499,180,10
2026-07-20,SKU002,Mechanical Keyboard,Electronics,13,3499,180,10
2026-07-21,SKU002,Mechanical Keyboard,Electronics,16,3499,180,10
2026-07-22,SKU002,Mechanical Keyboard,Electronics,16,3499,180,10
2026-07-23,SKU002,Mechanical Keyboard,Electronics,14,3499,180,10
2026-07-24,SKU002,Mechanical Keyboard,Electronics,20,3499,180,10
2026-07-25,SKU002,Mechanical Keyboard,Electronics,16,3499,180,10
2026-07-26,SKU002,Mechanical Keyboard,Electronics,17,3499,180,10
2026-07-27,SKU002,Mechanical Keyboard,Electronics,15,3499,180,10
2026-07-28,SKU002,Mechanical Keyboard,Electronics,14,3499,180,10
2026-07-29,SKU002,Mechanical Keyboard,Electronics,17,3499,180,10
2026-07-30,SKU002,Mechanical Keyboard,Electronics,13,3499,180,10
2026-07-31,SKU002,Mechanical Keyboard,Electronics,15,3499,180,10
2026-08-01,SKU002,Mechanical Keyboard,Electronics,15,3499,180,10
2026-08-02,SKU002,Mechanical Keyboard,Electronics,16,3499,180,10
2026-08-03,SKU002,Mechanical Keyboard,Electronics,12,3499,180,10
2026-08-04,SKU002,Mechanical Keyboard,Electronics,19,3499,180,10
2026-08-05,SKU002,Mechanical Keyboard,Electronics,10,3499,180,10
2026-08-06,SKU002,Mechanical Keyboard,Electronics,19,3499,180,10
2026-08-07,SKU002,Mechanical Keyboard,Electronics,20,3499,180,10
2026-08-08,SKU002,Mechanical Keyboard,Electronics,19,3499,180,10
2026-08-09,SKU002,Mechanical Keyboard,Electronics,14,3499,180,10
2026-08-10,SKU002,Mechanical Keyboard,Electronics,16,3499,180,10
2026-08-11,SKU002,Mechanical Keyboard,Electronics,15,3499,180,10
2026-08-12,SKU002,Mechanical Keyboard,Electronics,17,3499,180,10
2026-08-13,SKU002,Mechanical Keyboard,Electronics,15,3499,180,10
2026-08-14,SKU002,Mechanical Keyboard,Electronics,20,3499,180,10
2026-08-15,SKU002,Mechanical Keyboard,Electronics,18,3499,180,10
2026-08-16,SKU002,Mechanical Keyboard,Electronics,15,3499,180,10
2026-08-17,SKU002,Mechanical Keyboard,Electronics,16,3499,180,10
2026-08-18,SKU002,Mechanical Keyboard,Electronics,11,3499,180,10
2026-08-19,SKU002,Mechanical Keyboard,Electronics,12,3499,180,10
2026-08-20,SKU002,Mechanical Keyboard,Electronics,17,3499,180,10
2026-08-21,SKU002,Mechanical Keyboard,Electronics,20,3499,180,10
2026-08-22,SKU002,Mechanical Keyboard,Electronics,19,3499,180,10
2026-08-23,SKU002,Mechanical Keyboard,Electronics,15,3499,180,10
2026-08-24,SKU002,Mechanical Keyboard,Electronics,16,3499,180,10
2026-08-25,SKU002,Mechanical Keyboard,Electronics,14,3499,180,10
2026-08-26,SKU002,Mechanical Keyboard,Electronics,13,3499,180,10
2026-08-27,SKU002,Mechanical Keyboard,Electronics,15,3499,180,10
2026-08-28,SKU002,Mechanical Keyboard,Electronics,17,3499,180,10
2025-08-28,SKU003,USB-C Hub,Accessories,30,1299,95,5
2025-08-29,SKU003,USB-C Hub,Accessories,27,1299,95,5
2025-08-30,SKU003,USB-C Hub,Accessories,42,1299,95,5
2025-08-31,SKU003,USB-C Hub,Accessories,30,1299,95,5
2025-09-01,SKU003,USB-C Hub,Accessories,29,1299,95,5
2025-09-02,SKU003,USB-C Hub,Accessories,32,1299,95,5
2025-09-03,SKU003,USB-C Hub,Accessories,35,1299,95,5
2025-09-04,SKU003,USB-C Hub,Accessories,32,1299,95,5
2025-09-05,SKU003,USB-C Hub,Accessories,26,1299,95,5
2025-09-06,SKU003,USB-C Hub,Accessories,29,1299,95,5
2025-09-07,SKU003,USB-C Hub,Accessories,25,1299,95,5
2025-09-08,SKU003,USB-C Hub,Accessories,28,1299,95,5
2025-09-09,SKU003,USB-C Hub,Accessories,30,1299,95,5
2025-09-10,SKU003,USB-C Hub,Accessories,25,1299,95,5
2025-09-11,SKU003,USB-C Hub,Accessories,29,1299,95,5
2025-09-12,SKU003,USB-C Hub,Accessories,32,1299,95,5
2025-09-13,SKU003,USB-C Hub,Accessories,33,1299,95,5
2025-09-14,SKU003,USB-C Hub,Accessories,22,1299,95,5
2025-09-15,SKU003,USB-C Hub,Accessories,24,1299,95,5
2025-09-16,SKU003,USB-C Hub,Accessories,22,1299,95,5
2025-09-17,SKU003,USB-C Hub,Accessories,24,1299,95,5
2025-09-18,SKU003,USB-C Hub,Accessories,32,1299,95,5
2025-09-19,SKU003,USB-C Hub,Accessories,31,1299,95,5
2025-09-20,SKU003,USB-C Hub,Accessories,51,1299,95,5
2025-09-21,SKU003,USB-C Hub,Accessories,30,1299,95,5
2025-09-22,SKU003,USB-C Hub,Accessories,29,1299,95,5
2025-09-23,SKU003,USB-C Hub,Accessories,24,1299,95,5
2025-09-24,SKU003,USB-C Hub,Accessories,31,1299,95,5
2025-09-25,SKU003,USB-C Hub,Accessories,26,1299,95,5
2025-09-26,SKU003,USB-C Hub,Accessories,37,1299,95,5
2025-09-27,SKU003,USB-C Hub,Accessories,50,1299,95,5
2025-09-28,SKU003,USB-C Hub,Accessories,28,1299,95,5
2025-09-29,SKU003,USB-C Hub,Accessories,33,1299,95,5
2025-09-30,SKU003,USB-C Hub,Accessories,25,1299,95,5
2025-10-01,SKU003,USB-C Hub,Accessories,28,1299,95,5
2025-10-02,SKU003,USB-C Hub,Accessories,35,1299,95,5
2025-10-03,SKU003,USB-C Hub,Accessories,33,1299,95,5
2025-10-04,SKU003,USB-C Hub,Accessories,46,1299,95,5
2025-10-05,SKU003,USB-C Hub,Accessories,31,1299,95,5
2025-10-06,SKU003,USB-C Hub,Accessories,26,1299,95,5
2025-10-07,SKU003,USB-C Hub,Accessories,31,1299,95,5
2025-10-08,SKU003,USB-C Hub,Accessories,32,1299,95,5
2025-10-09,SKU003,USB-C Hub,Accessories,31,1299,95,5
2025-10-10,SKU003,USB-C Hub,Accessories,28,1299,95,5
2025-10-11,SKU003,USB-C Hub,Accessories,32,1299,95,5
2025-10-12,SKU003,USB-C Hub,Accessories,27,1299,95,5
2025-10-13,SKU003,USB-C Hub,Accessories,28,1299,95,5
2025-10-14,SKU003,USB-C Hub,Accessories,31,1299,95,5
2025-10-15,SKU003,USB-C Hub,Accessories,29,1299,95,5
2025-10-16,SKU003,USB-C Hub,Accessories,22,1299,95,5
2025-10-17,SKU003,USB-C Hub,Accessories,38,1299,95,5
2025-10-18,SKU003,USB-C Hub,Accessories,40,1299,95,5
2025-10-19,SKU003,USB-C Hub,Accessories,30,1299,95,5
2025-10-20,SKU003,USB-C Hub,Accessories,33,1299,95,5
2025-10-21,SKU003,USB-C Hub,Accessories,32,1299,95,5
2025-10-22,SKU003,USB-C Hub,Accessories,30,1299,95,5
2025-10-23,SKU003,USB-C Hub,Accessories,28,1299,95,5
2025-10-24,SKU003,USB-C Hub,Accessories,27,1299,95,5
2025-10-25,SKU003,USB-C Hub,Accessories,39,1299,95,5
2025-10-26,SKU003,USB-C Hub,Accessories,29,1299,95,5
2025-10-27,SKU003,USB-C Hub,Accessories,29,1299,95,5
2025-10-28,SKU003,USB-C Hub,Accessories,23,1299,95,5
2025-10-29,SKU003,USB-C Hub,Accessories,23,1299,95,5
2025-10-30,SKU003,USB-C Hub,Accessories,32,1299,95,5
2025-10-31,SKU003,USB-C Hub,Accessories,36,1299,95,5
2025-11-01,SKU003,USB-C Hub,Accessories,56,1299,95,5
2025-11-02,SKU003,USB-C Hub,Accessories,39,1299,95,5
2025-11-03,SKU003,USB-C Hub,Accessories,39,1299,95,5
2025-11-04,SKU003,USB-C Hub,Accessories,45,1299,95,5
2025-11-05,SKU003,USB-C Hub,Accessories,36,1299,95,5
2025-11-06,SKU003,USB-C Hub,Accessories,40,1299,95,5
2025-11-07,SKU003,USB-C Hub,Accessories,47,1299,95,5
2025-11-08,SKU003,USB-C Hub,Accessories,48,1299,95,5
2025-11-09,SKU003,USB-C Hub,Accessories,37,1299,95,5
2025-11-10,SKU003,USB-C Hub,Accessories,41,1299,95,5
2025-11-11,SKU003,USB-C Hub,Accessories,36,1299,95,5
2025-11-12,SKU003,USB-C Hub,Accessories,47,1299,95,5
2025-11-13,SKU003,USB-C Hub,Accessories,34,1299,95,5
2025-11-14,SKU003,USB-C Hub,Accessories,50,1299,95,5
2025-11-15,SKU003,USB-C Hub,Accessories,48,1299,95,5
2025-11-16,SKU003,USB-C Hub,Accessories,48,1299,95,5
2025-11-17,SKU003,USB-C Hub,Accessories,40,1299,95,5
2025-11-18,SKU003,USB-C Hub,Accessories,45,1299,95,5
2025-11-19,SKU003,USB-C Hub,Accessories,30,1299,95,5
2025-11-20,SKU003,USB-C Hub,Accessories,41,1299,95,5
2025-11-21,SKU003,USB-C Hub,Accessories,58,1299,95,5
2025-11-22,SKU003,USB-C Hub,Accessories,52,1299,95,5
2025-11-23,SKU003,USB-C Hub,Accessories,45,1299,95,5
2025-11-24,SKU003,USB-C Hub,Accessories,36,1299,95,5
2025-11-25,SKU003,USB-C Hub,Accessories,47,1299,95,5
2025-11-26,SKU003,USB-C Hub,Accessories,53,1299,95,5
2025-11-27,SKU003,USB-C Hub,Accessories,37,1299,95,5
2025-11-28,SKU003,USB-C Hub,Accessories,48,1299,95,5
2025-11-29,SKU003,USB-C Hub,Accessories,62,1299,95,5
2025-11-30,SKU003,USB-C Hub,Accessories,48,1299,95,5
2025-12-01,SKU003,USB-C Hub,Accessories,36,1299,95,5
2025-12-02,SKU003,USB-C Hub,Accessories,37,1299,95,5
2025-12-03,SKU003,USB-C Hub,Accessories,38,1299,95,5
2025-12-04,SKU003,USB-C Hub,Accessories,31,1299,95,5
2025-12-05,SKU003,USB-C Hub,Accessories,44,1299,95,5
2025-12-06,SKU003,USB-C Hub,Accessories,43,1299,95,5
2025-12-07,SKU003,USB-C Hub,Accessories,35,1299,95,5
2025-12-08,SKU003,USB-C Hub,Accessories,39,1299,95,5
2025-12-09,SKU003,USB-C Hub,Accessories,41,1299,95,5
2025-12-10,SKU003,USB-C Hub,Accessories,48,1299,95,5
2025-12-11,SKU003,USB-C Hub,Accessories,33,1299,95,5
2025-12-12,SKU003,USB-C Hub,Accessories,58,1299,95,5
2025-12-13,SKU003,USB-C Hub,Accessories,49,1299,95,5
2025-12-14,SKU003,USB-C Hub,Accessories,39,1299,95,5
2025-12-15,SKU003,USB-C Hub,Accessories,43,1299,95,5
2025-12-16,SKU003,USB-C Hub,Accessories,33,1299,95,5
2025-12-17,SKU003,USB-C Hub,Accessories,41,1299,95,5
2025-12-18,SKU003,USB-C Hub,Accessories,40,1299,95,5
2025-12-19,SKU003,USB-C Hub,Accessories,55,1299,95,5
2025-12-20,SKU003,USB-C Hub,Accessories,53,1299,95,5
2025-12-21,SKU003,USB-C Hub,Accessories,54,1299,95,5
2025-12-22,SKU003,USB-C Hub,Accessories,35,1299,95,5
2025-12-23,SKU003,USB-C Hub,Accessories,36,1299,95,5
2025-12-24,SKU003,USB-C Hub,Accessories,36,1299,95,5
2025-12-25,SKU003,USB-C Hub,Accessories,36,1299,95,5
2025-12-26,SKU003,USB-C Hub,Accessories,46,1299,95,5
2025-12-27,SKU003,USB-C Hub,Accessories,60,1299,95,5
2025-12-28,SKU003,USB-C Hub,Accessories,48,1299,95,5
2025-12-29,SKU003,USB-C Hub,Accessories,36,1299,95,5
2025-12-30,SKU003,USB-C Hub,Accessories,34,1299,95,5
2025-12-31,SKU003,USB-C Hub,Accessories,42,1299,95,5
2026-01-01,SKU003,USB-C Hub,Accessories,26,1299,95,5
2026-01-02,SKU003,USB-C Hub,Accessories,40,1299,95,5
2026-01-03,SKU003,USB-C Hub,Accessories,38,1299,95,5
2026-01-04,SKU003,USB-C Hub,Accessories,22,1299,95,5
2026-01-05,SKU003,USB-C Hub,Accessories,34,1299,95,5
2026-01-06,SKU003,USB-C Hub,Accessories,36,1299,95,5
2026-01-07,SKU003,USB-C Hub,Accessories,25,1299,95,5
2026-01-08,SKU003,USB-C Hub,Accessories,26,1299,95,5
2026-01-09,SKU003,USB-C Hub,Accessories,38,1299,95,5
2026-01-10,SKU003,USB-C Hub,Accessories,38,1299,95,5
2026-01-11,SKU003,USB-C Hub,Accessories,31,1299,95,5
2026-01-12,SKU003,USB-C Hub,Accessories,36,1299,95,5
2026-01-13,SKU003,USB-C Hub,Accessories,27,1299,95,5
2026-01-14,SKU003,USB-C Hub,Accessories,25,1299,95,5
2026-01-15,SKU003,USB-C Hub,Accessories,22,1299,95,5
2026-01-16,SKU003,USB-C Hub,Accessories,32,1299,95,5
2026-01-17,SKU003,USB-C Hub,Accessories,36,1299,95,5
2026-01-18,SKU003,USB-C Hub,Accessories,36,1299,95,5
2026-01-19,SKU003,USB-C Hub,Accessories,26,1299,95,5
2026-01-20,SKU003,USB-C Hub,Accessories,29,1299,95,5
2026-01-21,SKU003,USB-C Hub,Accessories,28,1299,95,5
2026-01-22,SKU003,USB-C Hub,Accessories,33,1299,95,5
2026-01-23,SKU003,USB-C Hub,Accessories,50,1299,95,5
2026-01-24,SKU003,USB-C Hub,Accessories,34,1299,95,5
2026-01-25,SKU003,USB-C Hub,Accessories,26,1299,95,5
2026-01-26,SKU003,USB-C Hub,Accessories,32,1299,95,5
2026-01-27,SKU003,USB-C Hub,Accessories,31,1299,95,5
2026-01-28,SKU003,USB-C Hub,Accessories,36,1299,95,5
2026-01-29,SKU003,USB-C Hub,Accessories,30,1299,95,5
2026-01-30,SKU003,USB-C Hub,Accessories,34,1299,95,5
2026-01-31,SKU003,USB-C Hub,Accessories,40,1299,95,5
2026-02-01,SKU003,USB-C Hub,Accessories,33,1299,95,5
2026-02-02,SKU003,USB-C Hub,Accessories,31,1299,95,5
2026-02-03,SKU003,USB-C Hub,Accessories,30,1299,95,5
2026-02-04,SKU003,USB-C Hub,Accessories,32,1299,95,5
2026-02-05,SKU003,USB-C Hub,Accessories,33,1299,95,5
2026-02-06,SKU003,USB-C Hub,Accessories,44,1299,95,5
2026-02-07,SKU003,USB-C Hub,Accessories,40,1299,95,5
2026-02-08,SKU003,USB-C Hub,Accessories,27,1299,95,5
2026-02-09,SKU003,USB-C Hub,Accessories,29,1299,95,5
2026-02-10,SKU003,USB-C Hub,Accessories,33,1299,95,5
2026-02-11,SKU003,USB-C Hub,Accessories,25,1299,95,5
2026-02-12,SKU003,USB-C Hub,Accessories,30,1299,95,5
2026-02-13,SKU003,USB-C Hub,Accessories,34,1299,95,5
2026-02-14,SKU003,USB-C Hub,Accessories,37,1299,95,5
2026-02-15,SKU003,USB-C Hub,Accessories,33,1299,95,5
2026-02-16,SKU003,USB-C Hub,Accessories,29,1299,95,5
2026-02-17,SKU003,USB-C Hub,Accessories,28,1299,95,5
2026-02-18,SKU003,USB-C Hub,Accessories,22,1299,95,5
2026-02-19,SKU003,USB-C Hub,Accessories,31,1299,95,5
2026-02-20,SKU003,USB-C Hub,Accessories,40,1299,95,5
2026-02-21,SKU003,USB-C Hub,Accessories,48,1299,95,5
2026-02-22,SKU003,USB-C Hub,Accessories,27,1299,95,5
2026-02-23,SKU003,USB-C Hub,Accessories,29,1299,95,5
2026-02-24,SKU003,USB-C Hub,Accessories,29,1299,95,5
2026-02-25,SKU003,USB-C Hub,Accessories,35,1299,95,5
2026-02-26,SKU003,USB-C Hub,Accessories,28,1299,95,5
2026-02-27,SKU003,USB-C Hub,Accessories,38,1299,95,5
2026-02-28,SKU003,USB-C Hub,Accessories,40,1299,95,5
2026-03-01,SKU003,USB-C Hub,Accessories,29,1299,95,5
2026-03-02,SKU003,USB-C Hub,Accessories,26,1299,95,5
2026-03-03,SKU003,USB-C Hub,Accessories,29,1299,95,5
2026-03-04,SKU003,USB-C Hub,Accessories,33,1299,95,5
2026-03-05,SKU003,USB-C Hub,Accessories,24,1299,95,5
2026-03-06,SKU003,USB-C Hub,Accessories,37,1299,95,5
2026-03-07,SKU003,USB-C Hub,Accessories,33,1299,95,5
2026-03-08,SKU003,USB-C Hub,Accessories,33,1299,95,5
2026-03-09,SKU003,USB-C Hub,Accessories,22,1299,95,5
2026-03-10,SKU003,USB-C Hub,Accessories,26,1299,95,5
2026-03-11,SKU003,USB-C Hub,Accessories,30,1299,95,5
2026-03-12,SKU003,USB-C Hub,Accessories,35,1299,95,5
2026-03-13,SKU003,USB-C Hub,Accessories,36,1299,95,5
2026-03-14,SKU003,USB-C Hub,Accessories,33,1299,95,5
2026-03-15,SKU003,USB-C Hub,Accessories,36,1299,95,5
2026-03-16,SKU003,USB-C Hub,Accessories,22,1299,95,5
2026-03-17,SKU003,USB-C Hub,Accessories,19,1299,95,5
2026-03-18,SKU003,USB-C Hub,Accessories,30,1299,95,5
2026-03-19,SKU003,USB-C Hub,Accessories,26,1299,95,5
2026-03-20,SKU003,USB-C Hub,Accessories,31,1299,95,5
2026-03-21,SKU003,USB-C Hub,Accessories,40,1299,95,5
2026-03-22,SKU003,USB-C Hub,Accessories,29,1299,95,5
2026-03-23,SKU003,USB-C Hub,Accessories,26,1299,95,5
2026-03-24,SKU003,USB-C Hub,Accessories,23,1299,95,5
2026-03-25,SKU003,USB-C Hub,Accessories,32,1299,95,5
2026-03-26,SKU003,USB-C Hub,Accessories,31,1299,95,5
2026-03-27,SKU003,USB-C Hub,Accessories,36,1299,95,5
2026-03-28,SKU003,USB-C Hub,Accessories,46,1299,95,5
2026-03-29,SKU003,USB-C Hub,Accessories,24,1299,95,5
2026-03-30,SKU003,USB-C Hub,Accessories,22,1299,95,5
2026-03-31,SKU003,USB-C Hub,Accessories,25,1299,95,5
2026-04-01,SKU003,USB-C Hub,Accessories,28,1299,95,5
2026-04-02,SKU003,USB-C Hub,Accessories,29,1299,95,5
2026-04-03,SKU003,USB-C Hub,Accessories,35,1299,95,5
2026-04-04,SKU003,USB-C Hub,Accessories,38,1299,95,5
2026-04-05,SKU003,USB-C Hub,Accessories,23,1299,95,5
2026-04-06,SKU003,USB-C Hub,Accessories,34,1299,95,5
2026-04-07,SKU003,USB-C Hub,Accessories,28,1299,95,5
2026-04-08,SKU003,USB-C Hub,Accessories,33,1299,95,5
2026-04-09,SKU003,USB-C Hub,Accessories,29,1299,95,5
2026-04-10,SKU003,USB-C Hub,Accessories,39,1299,95,5
2026-04-11,SKU003,USB-C Hub,Accessories,40,1299,95,5
2026-04-12,SKU003,USB-C Hub,Accessories,30,1299,95,5
2026-04-13,SKU003,USB-C Hub,Accessories,31,1299,95,5
2026-04-14,SKU003,USB-C Hub,Accessories,34,1299,95,5
2026-04-15,SKU003,USB-C Hub,Accessories,29,1299,95,5
2026-04-16,SKU003,USB-C Hub,Accessories,31,1299,95,5
2026-04-17,SKU003,USB-C Hub,Accessories,36,1299,95,5
2026-04-18,SKU003,USB-C Hub,Accessories,44,1299,95,5
2026-04-19,SKU003,USB-C Hub,Accessories,25,1299,95,5
2026-04-20,SKU003,USB-C Hub,Accessories,36,1299,95,5
2026-04-21,SKU003,USB-C Hub,Accessories,28,1299,95,5
2026-04-22,SKU003,USB-C Hub,Accessories,22,1299,95,5
2026-04-23,SKU003,USB-C Hub,Accessories,29,1299,95,5
2026-04-24,SKU003,USB-C Hub,Accessories,33,1299,95,5
2026-04-25,SKU003,USB-C Hub,Accessories,41,1299,95,5
2026-04-26,SKU003,USB-C Hub,Accessories,25,1299,95,5
2026-04-27,SKU003,USB-C Hub,Accessories,26,1299,95,5
2026-04-28,SKU003,USB-C Hub,Accessories,20,1299,95,5
2026-04-29,SKU003,USB-C Hub,Accessories,26,1299,95,5
2026-04-30,SKU003,USB-C Hub,Accessories,18,1299,95,5
2026-05-01,SKU003,USB-C Hub,Accessories,28,1299,95,5
2026-05-02,SKU003,USB-C Hub,Accessories,41,1299,95,5
2026-05-03,SKU003,USB-C Hub,Accessories,31,1299,95,5
2026-05-04,SKU003,USB-C Hub,Accessories,30,1299,95,5
2026-05-05,SKU003,USB-C Hub,Accessories,24,1299,95,5
2026-05-06,SKU003,USB-C Hub,Accessories,28,1299,95,5
2026-05-07,SKU003,USB-C Hub,Accessories,28,1299,95,5
2026-05-08,SKU003,USB-C Hub,Accessories,30,1299,95,5
2026-05-09,SKU003,USB-C Hub,Accessories,45,1299,95,5
2026-05-10,SKU003,USB-C Hub,Accessories,32,1299,95,5
2026-05-11,SKU003,USB-C Hub,Accessories,27,1299,95,5
2026-05-12,SKU003,USB-C Hub,Accessories,28,1299,95,5
2026-05-13,SKU003,USB-C Hub,Accessories,29,1299,95,5
2026-05-14,SKU003,USB-C Hub,Accessories,19,1299,95,5
2026-05-15,SKU003,USB-C Hub,Accessories,35,1299,95,5
2026-05-16,SKU003,USB-C Hub,Accessories,33,1299,95,5
2026-05-17,SKU003,USB-C Hub,Accessories,24,1299,95,5
2026-05-18,SKU003,USB-C Hub,Accessories,27,1299,95,5
2026-05-19,SKU003,USB-C Hub,Accessories,36,1299,95,5
2026-05-20,SKU003,USB-C Hub,Accessories,31,1299,95,5
2026-05-21,SKU003,USB-C Hub,Accessories,26,1299,95,5
2026-05-22,SKU003,USB-C Hub,Accessories,40,1299,95,5
2026-05-23,SKU003,USB-C Hub,Accessories,44,1299,95,5
2026-05-24,SKU003,USB-C Hub,Accessories,32,1299,95,5
2026-05-25,SKU003,USB-C Hub,Accessories,28,1299,95,5
2026-05-26,SKU003,USB-C Hub,Accessories,25,1299,95,5
2026-05-27,SKU003,USB-C Hub,Accessories,31,1299,95,5
2026-05-28,SKU003,USB-C Hub,Accessories,30,1299,95,5
2026-05-29,SKU003,USB-C Hub,Accessories,41,1299,95,5
2026-05-30,SKU003,USB-C Hub,Accessories,40,1299,95,5
2026-05-31,SKU003,USB-C Hub,Accessories,32,1299,95,5
2026-06-01,SKU003,USB-C Hub,Accessories,26,1299,95,5
2026-06-02,SKU003,USB-C Hub,Accessories,34,1299,95,5
2026-06-03,SKU003,USB-C Hub,Accessories,29,1299,95,5
2026-06-04,SKU003,USB-C Hub,Accessories,37,1299,95,5
2026-06-05,SKU003,USB-C Hub,Accessories,33,1299,95,5
2026-06-06,SKU003,USB-C Hub,Accessories,46,1299,95,5
2026-06-07,SKU003,USB-C Hub,Accessories,29,1299,95,5
2026-06-08,SKU003,USB-C Hub,Accessories,25,1299,95,5
2026-06-09,SKU003,USB-C Hub,Accessories,26,1299,95,5
2026-06-10,SKU003,USB-C Hub,Accessories,27,1299,95,5
2026-06-11,SKU003,USB-C Hub,Accessories,30,1299,95,5
2026-06-12,SKU003,USB-C Hub,Accessories,39,1299,95,5
2026-06-13,SKU003,USB-C Hub,Accessories,33,1299,95,5
2026-06-14,SKU003,USB-C Hub,Accessories,28,1299,95,5
2026-06-15,SKU003,USB-C Hub,Accessories,37,1299,95,5
2026-06-16,SKU003,USB-C Hub,Accessories,35,1299,95,5
2026-06-17,SKU003,USB-C Hub,Accessories,30,1299,95,5
2026-06-18,SKU003,USB-C Hub,Accessories,28,1299,95,5
2026-06-19,SKU003,USB-C Hub,Accessories,37,1299,95,5
2026-06-20,SKU003,USB-C Hub,Accessories,40,1299,95,5
2026-06-21,SKU003,USB-C Hub,Accessories,24,1299,95,5
2026-06-22,SKU003,USB-C Hub,Accessories,27,1299,95,5
2026-06-23,SKU003,USB-C Hub,Accessories,21,1299,95,5
2026-06-24,SKU003,USB-C Hub,Accessories,30,1299,95,5
2026-06-25,SKU003,USB-C Hub,Accessories,31,1299,95,5
2026-06-26,SKU003,USB-C Hub,Accessories,34,1299,95,5
2026-06-27,SKU003,USB-C Hub,Accessories,45,1299,95,5
2026-06-28,SKU003,USB-C Hub,Accessories,23,1299,95,5
2026-06-29,SKU003,USB-C Hub,Accessories,22,1299,95,5
2026-06-30,SKU003,USB-C Hub,Accessories,29,1299,95,5
2026-07-01,SKU003,USB-C Hub,Accessories,32,1299,95,5
2026-07-02,SKU003,USB-C Hub,Accessories,35,1299,95,5
2026-07-03,SKU003,USB-C Hub,Accessories,34,1299,95,5
2026-07-04,SKU003,USB-C Hub,Accessories,42,1299,95,5
2026-07-05,SKU003,USB-C Hub,Accessories,28,1299,95,5
2026-07-06,SKU003,USB-C Hub,Accessories,27,1299,95,5
2026-07-07,SKU003,USB-C Hub,Accessories,32,1299,95,5
2026-07-08,SKU003,USB-C Hub,Accessories,31,1299,95,5
2026-07-09,SKU003,USB-C Hub,Accessories,21,1299,95,5
2026-07-10,SKU003,USB-C Hub,Accessories,44,1299,95,5
2026-07-11,SKU003,USB-C Hub,Accessories,44,1299,95,5
2026-07-12,SKU003,USB-C Hub,Accessories,25,1299,95,5
2026-07-13,SKU003,USB-C Hub,Accessories,30,1299,95,5
2026-07-14,SKU003,USB-C Hub,Accessories,30,1299,95,5
2026-07-15,SKU003,USB-C Hub,Accessories,29,1299,95,5
2026-07-16,SKU003,USB-C Hub,Accessories,26,1299,95,5
2026-07-17,SKU003,USB-C Hub,Accessories,33,1299,95,5
2026-07-18,SKU003,USB-C Hub,Accessories,36,1299,95,5
2026-07-19,SKU003,USB-C Hub,Accessories,33,1299,95,5
2026-07-20,SKU003,USB-C Hub,Accessories,30,1299,95,5
2026-07-21,SKU003,USB-C Hub,Accessories,26,1299,95,5
2026-07-22,SKU003,USB-C Hub,Accessories,31,1299,95,5
2026-07-23,SKU003,USB-C Hub,Accessories,16,1299,95,5
2026-07-24,SKU003,USB-C Hub,Accessories,43,1299,95,5
2026-07-25,SKU003,USB-C Hub,Accessories,27,1299,95,5
2026-07-26,SKU003,USB-C Hub,Accessories,26,1299,95,5
2026-07-27,SKU003,USB-C Hub,Accessories,23,1299,95,5
2026-07-28,SKU003,USB-C Hub,Accessories,23,1299,95,5
2026-07-29,SKU003,USB-C Hub,Accessories,33,1299,95,5
2026-07-30,SKU003,USB-C Hub,Accessories,26,1299,95,5
2026-07-31,SKU003,USB-C Hub,Accessories,38,1299,95,5
2026-08-01,SKU003,USB-C Hub,Accessories,36,1299,95,5
2026-08-02,SKU003,USB-C Hub,Accessories,30,1299,95,5
2026-08-03,SKU003,USB-C Hub,Accessories,28,1299,95,5
2026-08-04,SKU003,USB-C Hub,Accessories,23,1299,95,5
2026-08-05,SKU003,USB-C Hub,Accessories,32,1299,95,5
2026-08-06,SKU003,USB-C Hub,Accessories,26,1299,95,5
2026-08-07,SKU003,USB-C Hub,Accessories,28,1299,95,5
2026-08-08,SKU003,USB-C Hub,Accessories,34,1299,95,5
2026-08-09,SKU003,USB-C Hub,Accessories,34,1299,95,5
2026-08-10,SKU003,USB-C Hub,Accessories,32,1299,95,5
2026-08-11,SKU003,USB-C Hub,Accessories,27,1299,95,5
2026-08-12,SKU003,USB-C Hub,Accessories,27,1299,95,5
2026-08-13,SKU003,USB-C Hub,Accessories,27,1299,95,5
2026-08-14,SKU003,USB-C Hub,Accessories,48,1299,95,5
2026-08-15,SKU003,USB-C Hub,Accessories,38,1299,95,5
2026-08-16,SKU003,USB-C Hub,Accessories,30,1299,95,5
2026-08-17,SKU003,USB-C Hub,Accessories,32,1299,95,5
2026-08-18,SKU003,USB-C Hub,Accessories,29,1299,95,5
2026-08-19,SKU003,USB-C Hub,Accessories,27,1299,95,5
2026-08-20,SKU003,USB-C Hub,Accessories,27,1299,95,5
2026-08-21,SKU003,USB-C Hub,Accessories,36,1299,95,5
2026-08-22,SKU003,USB-C Hub,Accessories,36,1299,95,5
2026-08-23,SKU003,USB-C Hub,Accessories,31,1299,95,5
2026-08-24,SKU003,USB-C Hub,Accessories,28,1299,95,5
2026-08-25,SKU003,USB-C Hub,Accessories,31,1299,95,5
2026-08-26,SKU003,USB-C Hub,Accessories,28,1299,95,5
2026-08-27,SKU003,USB-C Hub,Accessories,28,1299,95,5
2026-08-28,SKU003,USB-C Hub,Accessories,25,1299,95,5
2025-08-28,SKU004,Noise Cancelling Headphones,Electronics,14,5999,25,14
2025-08-29,SKU004,Noise Cancelling Headphones,Electronics,16,5999,25,14
2025-08-30,SKU004,Noise Cancelling Headphones,Electronics,18,5999,25,14
2025-08-31,SKU004,Noise Cancelling Headphones,Electronics,7,5999,25,14
2025-09-01,SKU004,Noise Cancelling Headphones,Electronics,16,5999,25,14
2025-09-02,SKU004,Noise Cancelling Headphones,Electronics,12,5999,25,14
2025-09-03,SKU004,Noise Cancelling Headphones,Electronics,14,5999,25,14
2025-09-04,SKU004,Noise Cancelling Headphones,Electronics,10,5999,25,14
2025-09-05,SKU004,Noise Cancelling Headphones,Electronics,17,5999,25,14
2025-09-06,SKU004,Noise Cancelling Headphones,Electronics,13,5999,25,14
2025-09-07,SKU004,Noise Cancelling Headphones,Electronics,11,5999,25,14
2025-09-08,SKU004,Noise Cancelling Headphones,Electronics,15,5999,25,14
2025-09-09,SKU004,Noise Cancelling Headphones,Electronics,12,5999,25,14
2025-09-10,SKU004,Noise Cancelling Headphones,Electronics,12,5999,25,14
2025-09-11,SKU004,Noise Cancelling Headphones,Electronics,14,5999,25,14
2025-09-12,SKU004,Noise Cancelling Headphones,Electronics,17,5999,25,14
2025-09-13,SKU004,Noise Cancelling Headphones,Electronics,16,5999,25,14
2025-09-14,SKU004,Noise Cancelling Headphones,Electronics,13,5999,25,14
2025-09-15,SKU004,Noise Cancelling Headphones,Electronics,16,5999,25,14
2025-09-16,SKU004,Noise Cancelling Headphones,Electronics,12,5999,25,14
2025-09-17,SKU004,Noise Cancelling Headphones,Electronics,12,5999,25,14
2025-09-18,SKU004,Noise Cancelling Headphones,Electronics,14,5999,25,14
2025-09-19,SKU004,Noise Cancelling Headphones,Electronics,18,5999,25,14
2025-09-20,SKU004,Noise Cancelling Headphones,Electronics,18,5999,25,14
2025-09-21,SKU004,Noise Cancelling Headphones,Electronics,13,5999,25,14
2025-09-22,SKU004,Noise Cancelling Headphones,Electronics,10,5999,25,14
2025-09-23,SKU004,Noise Cancelling Headphones,Electronics,15,5999,25,14
2025-09-24,SKU004,Noise Cancelling Headphones,Electronics,10,5999,25,14
2025-09-25,SKU004,Noise Cancelling Headphones,Electronics,13,5999,25,14
2025-09-26,SKU004,Noise Cancelling Headphones,Electronics,14,5999,25,14
2025-09-27,SKU004,Noise Cancelling Headphones,Electronics,15,5999,25,14
2025-09-28,SKU004,Noise Cancelling Headphones,Electronics,13,5999,25,14
2025-09-29,SKU004,Noise Cancelling Headphones,Electronics,13,5999,25,14
2025-09-30,SKU004,Noise Cancelling Headphones,Electronics,13,5999,25,14
2025-10-01,SKU004,Noise Cancelling Headphones,Electronics,15,5999,25,14
2025-10-02,SKU004,Noise Cancelling Headphones,Electronics,13,5999,25,14
2025-10-03,SKU004,Noise Cancelling Headphones,Electronics,15,5999,25,14
2025-10-04,SKU004,Noise Cancelling Headphones,Electronics,18,5999,25,14
2025-10-05,SKU004,Noise Cancelling Headphones,Electronics,14,5999,25,14
2025-10-06,SKU004,Noise Cancelling Headphones,Electronics,10,5999,25,14
2025-10-07,SKU004,Noise Cancelling Headphones,Electronics,13,5999,25,14
2025-10-08,SKU004,Noise Cancelling Headphones,Electronics,13,5999,25,14
2025-10-09,SKU004,Noise Cancelling Headphones,Electronics,11,5999,25,14
2025-10-10,SKU004,Noise Cancelling Headphones,Electronics,19,5999,25,14
2025-10-11,SKU004,Noise Cancelling Headphones,Electronics,15,5999,25,14
2025-10-12,SKU004,Noise Cancelling Headphones,Electronics,12,5999,25,14
2025-10-13,SKU004,Noise Cancelling Headphones,Electronics,12,5999,25,14
2025-10-14,SKU004,Noise Cancelling Headphones,Electronics,12,5999,25,14
2025-10-15,SKU004,Noise Cancelling Headphones,Electronics,10,5999,25,14
2025-10-16,SKU004,Noise Cancelling Headphones,Electronics,9,5999,25,14
2025-10-17,SKU004,Noise Cancelling Headphones,Electronics,19,5999,25,14
2025-10-18,SKU004,Noise Cancelling Headphones,Electronics,14,5999,25,14
2025-10-19,SKU004,Noise Cancelling Headphones,Electronics,10,5999,25,14
2025-10-20,SKU004,Noise Cancelling Headphones,Electronics,8,5999,25,14
2025-10-21,SKU004,Noise Cancelling Headphones,Electronics,11,5999,25,14
2025-10-22,SKU004,Noise Cancelling Headphones,Electronics,10,5999,25,14
2025-10-23,SKU004,Noise Cancelling Headphones,Electronics,15,5999,25,14
2025-10-24,SKU004,Noise Cancelling Headphones,Electronics,18,5999,25,14
2025-10-25,SKU004,Noise Cancelling Headphones,Electronics,14,5999,25,14
2025-10-26,SKU004,Noise Cancelling Headphones,Electronics,16,5999,25,14
2025-10-27,SKU004,Noise Cancelling Headphones,Electronics,14,5999,25,14
2025-10-28,SKU004,Noise Cancelling Headphones,Electronics,11,5999,25,14
2025-10-29,SKU004,Noise Cancelling Headphones,Electronics,8,5999,25,14
2025-10-30,SKU004,Noise Cancelling Headphones,Electronics,16,5999,25,14
2025-10-31,SKU004,Noise Cancelling Headphones,Electronics,12,5999,25,14
2025-11-01,SKU004,Noise Cancelling Headphones,Electronics,16,5999,25,14
2025-11-02,SKU004,Noise Cancelling Headphones,Electronics,19,5999,25,14
2025-11-03,SKU004,Noise Cancelling Headphones,Electronics,23,5999,25,14
2025-11-04,SKU004,Noise Cancelling Headphones,Electronics,20,5999,25,14
2025-11-05,SKU004,Noise Cancelling Headphones,Electronics,18,5999,25,14
2025-11-06,SKU004,Noise Cancelling Headphones,Electronics,18,5999,25,14
2025-11-07,SKU004,Noise Cancelling Headphones,Electronics,25,5999,25,14
2025-11-08,SKU004,Noise Cancelling Headphones,Electronics,24,5999,25,14
2025-11-09,SKU004,Noise Cancelling Headphones,Electronics,18,5999,25,14
2025-11-10,SKU004,Noise Cancelling Headphones,Electronics,17,5999,25,14
2025-11-11,SKU004,Noise Cancelling Headphones,Electronics,17,5999,25,14
2025-11-12,SKU004,Noise Cancelling Headphones,Electronics,15,5999,25,14
2025-11-13,SKU004,Noise Cancelling Headphones,Electronics,16,5999,25,14
2025-11-14,SKU004,Noise Cancelling Headphones,Electronics,16,5999,25,14
2025-11-15,SKU004,Noise Cancelling Headphones,Electronics,22,5999,25,14
2025-11-16,SKU004,Noise Cancelling Headphones,Electronics,14,5999,25,14
2025-11-17,SKU004,Noise Cancelling Headphones,Electronics,14,5999,25,14
2025-11-18,SKU004,Noise Cancelling Headphones,Electronics,17,5999,25,14
2025-11-19,SKU004,Noise Cancelling Headphones,Electronics,20,5999,25,14
2025-11-20,SKU004,Noise Cancelling Headphones,Electronics,19,5999,25,14
2025-11-21,SKU004,Noise Cancelling Headphones,Electronics,17,5999,25,14
2025-11-22,SKU004,Noise Cancelling Headphones,Electronics,19,5999,25,14
2025-11-23,SKU004,Noise Cancelling Headphones,Electronics,19,5999,25,14
2025-11-24,SKU004,Noise Cancelling Headphones,Electronics,14,5999,25,14
2025-11-25,SKU004,Noise Cancelling Headphones,Electronics,16,5999,25,14
2025-11-26,SKU004,Noise Cancelling Headphones,Electronics,18,5999,25,14
2025-11-27,SKU004,Noise Cancelling Headphones,Electronics,14,5999,25,14
2025-11-28,SKU004,Noise Cancelling Headphones,Electronics,22,5999,25,14
2025-11-29,SKU004,Noise Cancelling Headphones,Electronics,17,5999,25,14
2025-11-30,SKU004,Noise Cancelling Headphones,Electronics,15,5999,25,14
2025-12-01,SKU004,Noise Cancelling Headphones,Electronics,18,5999,25,14
2025-12-02,SKU004,Noise Cancelling Headphones,Electronics,13,5999,25,14
2025-12-03,SKU004,Noise Cancelling Headphones,Electronics,18,5999,25,14
2025-12-04,SKU004,Noise Cancelling Headphones,Electronics,17,5999,25,14
2025-12-05,SKU004,Noise Cancelling Headphones,Electronics,24,5999,25,14
2025-12-06,SKU004,Noise Cancelling Headphones,Electronics,23,5999,25,14
2025-12-07,SKU004,Noise Cancelling Headphones,Electronics,20,5999,25,14
2025-12-08,SKU004,Noise Cancelling Headphones,Electronics,17,5999,25,14
2025-12-09,SKU004,Noise Cancelling Headphones,Electronics,16,5999,25,14
2025-12-10,SKU004,Noise Cancelling Headphones,Electronics,17,5999,25,14
2025-12-11,SKU004,Noise Cancelling Headphones,Electronics,18,5999,25,14
2025-12-12,SKU004,Noise Cancelling Headphones,Electronics,22,5999,25,14
2025-12-13,SKU004,Noise Cancelling Headphones,Electronics,22,5999,25,14
2025-12-14,SKU004,Noise Cancelling Headphones,Electronics,15,5999,25,14
2025-12-15,SKU004,Noise Cancelling Headphones,Electronics,15,5999,25,14
2025-12-16,SKU004,Noise Cancelling Headphones,Electronics,13,5999,25,14
2025-12-17,SKU004,Noise Cancelling Headphones,Electronics,21,5999,25,14
2025-12-18,SKU004,Noise Cancelling Headphones,Electronics,14,5999,25,14
2025-12-19,SKU004,Noise Cancelling Headphones,Electronics,20,5999,25,14
2025-12-20,SKU004,Noise Cancelling Headphones,Electronics,19,5999,25,14
2025-12-21,SKU004,Noise Cancelling Headphones,Electronics,19,5999,25,14
2025-12-22,SKU004,Noise Cancelling Headphones,Electronics,16,5999,25,14
2025-12-23,SKU004,Noise Cancelling Headphones,Electronics,20,5999,25,14
2025-12-24,SKU004,Noise Cancelling Headphones,Electronics,15,5999,25,14
2025-12-25,SKU004,Noise Cancelling Headphones,Electronics,18,5999,25,14
2025-12-26,SKU004,Noise Cancelling Headphones,Electronics,19,5999,25,14
2025-12-27,SKU004,Noise Cancelling Headphones,Electronics,29,5999,25,14
2025-12-28,SKU004,Noise Cancelling Headphones,Electronics,14,5999,25,14
2025-12-29,SKU004,Noise Cancelling Headphones,Electronics,18,5999,25,14
2025-12-30,SKU004,Noise Cancelling Headphones,Electronics,18,5999,25,14
2025-12-31,SKU004,Noise Cancelling Headphones,Electronics,18,5999,25,14
2026-01-01,SKU004,Noise Cancelling Headphones,Electronics,12,5999,25,14
2026-01-02,SKU004,Noise Cancelling Headphones,Electronics,15,5999,25,14
2026-01-03,SKU004,Noise Cancelling Headphones,Electronics,16,5999,25,14
2026-01-04,SKU004,Noise Cancelling Headphones,Electronics,12,5999,25,14
2026-01-05,SKU004,Noise Cancelling Headphones,Electronics,14,5999,25,14
2026-01-06,SKU004,Noise Cancelling Headphones,Electronics,16,5999,25,14
2026-01-07,SKU004,Noise Cancelling Headphones,Electronics,11,5999,25,14
2026-01-08,SKU004,Noise Cancelling Headphones,Electronics,10,5999,25,14
2026-01-09,SKU004,Noise Cancelling Headphones,Electronics,15,5999,25,14
2026-01-10,SKU004,Noise Cancelling Headphones,Electronics,22,5999,25,14
2026-01-11,SKU004,Noise Cancelling Headphones,Electronics,11,5999,25,14
2026-01-12,SKU004,Noise Cancelling Headphones,Electronics,15,5999,25,14
2026-01-13,SKU004,Noise Cancelling Headphones,Electronics,15,5999,25,14
2026-01-14,SKU004,Noise Cancelling Headphones,Electronics,11,5999,25,14
2026-01-15,SKU004,Noise Cancelling Headphones,Electronics,13,5999,25,14
2026-01-16,SKU004,Noise Cancelling Headphones,Electronics,19,5999,25,14
2026-01-17,SKU004,Noise Cancelling Headphones,Electronics,15,5999,25,14
2026-01-18,SKU004,Noise Cancelling Headphones,Electronics,12,5999,25,14
2026-01-19,SKU004,Noise Cancelling Headphones,Electronics,11,5999,25,14
2026-01-20,SKU004,Noise Cancelling Headphones,Electronics,10,5999,25,14
2026-01-21,SKU004,Noise Cancelling Headphones,Electronics,11,5999,25,14
2026-01-22,SKU004,Noise Cancelling Headphones,Electronics,10,5999,25,14
2026-01-23,SKU004,Noise Cancelling Headphones,Electronics,16,5999,25,14
2026-01-24,SKU004,Noise Cancelling Headphones,Electronics,14,5999,25,14
2026-01-25,SKU004,Noise Cancelling Headphones,Electronics,12,5999,25,14
2026-01-26,SKU004,Noise Cancelling Headphones,Electronics,9,5999,25,14
2026-01-27,SKU004,Noise Cancelling Headphones,Electronics,13,5999,25,14
2026-01-28,SKU004,Noise Cancelling Headphones,Electronics,14,5999,25,14
2026-01-29,SKU004,Noise Cancelling Headphones,Electronics,8,5999,25,14
2026-01-30,SKU004,Noise Cancelling Headphones,Electronics,16,5999,25,14
2026-01-31,SKU004,Noise Cancelling Headphones,Electronics,18,5999,25,14
2026-02-01,SKU004,Noise Cancelling Headphones,Electronics,10,5999,25,14
2026-02-02,SKU004,Noise Cancelling Headphones,Electronics,15,5999,25,14
2026-02-03,SKU004,Noise Cancelling Headphones,Electronics,13,5999,25,14
2026-02-04,SKU004,Noise Cancelling Headphones,Electronics,11,5999,25,14
2026-02-05,SKU004,Noise Cancelling Headphones,Electronics,12,5999,25,14
2026-02-06,SKU004,Noise Cancelling Headphones,Electronics,17,5999,25,14
2026-02-07,SKU004,Noise Cancelling Headphones,Electronics,16,5999,25,14
2026-02-08,SKU004,Noise Cancelling Headphones,Electronics,13,5999,25,14
2026-02-09,SKU004,Noise Cancelling Headphones,Electronics,10,5999,25,14
2026-02-10,SKU004,Noise Cancelling Headphones,Electronics,12,5999,25,14
2026-02-11,SKU004,Noise Cancelling Headphones,Electronics,9,5999,25,14
2026-02-12,SKU004,Noise Cancelling Headphones,Electronics,12,5999,25,14
2026-02-13,SKU004,Noise Cancelling Headphones,Electronics,13,5999,25,14
2026-02-14,SKU004,Noise Cancelling Headphones,Electronics,14,5999,25,14
2026-02-15,SKU004,Noise Cancelling Headphones,Electronics,14,5999,25,14
2026-02-16,SKU004,Noise Cancelling Headphones,Electronics,14,5999,25,14
2026-02-17,SKU004,Noise Cancelling Headphones,Electronics,13,5999,25,14
2026-02-18,SKU004,Noise Cancelling Headphones,Electronics,10,5999,25,14
2026-02-19,SKU004,Noise Cancelling Headphones,Electronics,11,5999,25,14
2026-02-20,SKU004,Noise Cancelling Headphones,Electronics,18,5999,25,14
2026-02-21,SKU004,Noise Cancelling Headphones,Electronics,16,5999,25,14
2026-02-22,SKU004,Noise Cancelling Headphones,Electronics,16,5999,25,14
2026-02-23,SKU004,Noise Cancelling Headphones,Electronics,13,5999,25,14
2026-02-24,SKU004,Noise Cancelling Headphones,Electronics,12,5999,25,14
2026-02-25,SKU004,Noise Cancelling Headphones,Electronics,11,5999,25,14
2026-02-26,SKU004,Noise Cancelling Headphones,Electronics,12,5999,25,14
2026-02-27,SKU004,Noise Cancelling Headphones,Electronics,15,5999,25,14
2026-02-28,SKU004,Noise Cancelling Headphones,Electronics,17,5999,25,14
2026-03-01,SKU004,Noise Cancelling Headphones,Electronics,14,5999,25,14
2026-03-02,SKU004,Noise Cancelling Headphones,Electronics,11,5999,25,14
2026-03-03,SKU004,Noise Cancelling Headphones,Electronics,10,5999,25,14
2026-03-04,SKU004,Noise Cancelling Headphones,Electronics,9,5999,25,14
2026-03-05,SKU004,Noise Cancelling Headphones,Electronics,13,5999,25,14
2026-03-06,SKU004,Noise Cancelling Headphones,Electronics,13,5999,25,14
2026-03-07,SKU004,Noise Cancelling Headphones,Electronics,11,5999,25,14
2026-03-08,SKU004,Noise Cancelling Headphones,Electronics,13,5999,25,14
2026-03-09,SKU004,Noise Cancelling Headphones,Electronics,16,5999,25,14
2026-03-10,SKU004,Noise Cancelling Headphones,Electronics,12,5999,25,14
2026-03-11,SKU004,Noise Cancelling Headphones,Electronics,14,5999,25,14
2026-03-12,SKU004,Noise Cancelling Headphones,Electronics,12,5999,25,14
2026-03-13,SKU004,Noise Cancelling Headphones,Electronics,15,5999,25,14
2026-03-14,SKU004,Noise Cancelling Headphones,Electronics,18,5999,25,14
2026-03-15,SKU004,Noise Cancelling Headphones,Electronics,11,5999,25,14
2026-03-16,SKU004,Noise Cancelling Headphones,Electronics,12,5999,25,14
2026-03-17,SKU004,Noise Cancelling Headphones,Electronics,13,5999,25,14
2026-03-18,SKU004,Noise Cancelling Headphones,Electronics,11,5999,25,14
2026-03-19,SKU004,Noise Cancelling Headphones,Electronics,14,5999,25,14
2026-03-20,SKU004,Noise Cancelling Headphones,Electronics,15,5999,25,14
2026-03-21,SKU004,Noise Cancelling Headphones,Electronics,14,5999,25,14
2026-03-22,SKU004,Noise Cancelling Headphones,Electronics,13,5999,25,14
2026-03-23,SKU004,Noise Cancelling Headphones,Electronics,10,5999,25,14
2026-03-24,SKU004,Noise Cancelling Headphones,Electronics,12,5999,25,14
2026-03-25,SKU004,Noise Cancelling Headphones,Electronics,12,5999,25,14
2026-03-26,SKU004,Noise Cancelling Headphones,Electronics,14,5999,25,14
2026-03-27,SKU004,Noise Cancelling Headphones,Electronics,17,5999,25,14
2026-03-28,SKU004,Noise Cancelling Headphones,Electronics,16,5999,25,14
2026-03-29,SKU004,Noise Cancelling Headphones,Electronics,13,5999,25,14
2026-03-30,SKU004,Noise Cancelling Headphones,Electronics,15,5999,25,14
2026-03-31,SKU004,Noise Cancelling Headphones,Electronics,13,5999,25,14
2026-04-01,SKU004,Noise Cancelling Headphones,Electronics,12,5999,25,14
2026-04-02,SKU004,Noise Cancelling Headphones,Electronics,10,5999,25,14
2026-04-03,SKU004,Noise Cancelling Headphones,Electronics,13,5999,25,14
2026-04-04,SKU004,Noise Cancelling Headphones,Electronics,15,5999,25,14
2026-04-05,SKU004,Noise Cancelling Headphones,Electronics,11,5999,25,14
2026-04-06,SKU004,Noise Cancelling Headphones,Electronics,12,5999,25,14
2026-04-07,SKU004,Noise Cancelling Headphones,Electronics,12,5999,25,14
2026-04-08,SKU004,Noise Cancelling Headphones,Electronics,13,5999,25,14
2026-04-09,SKU004,Noise Cancelling Headphones,Electronics,12,5999,25,14
2026-04-10,SKU004,Noise Cancelling Headphones,Electronics,17,5999,25,14
2026-04-11,SKU004,Noise Cancelling Headphones,Electronics,16,5999,25,14
2026-04-12,SKU004,Noise Cancelling Headphones,Electronics,8,5999,25,14
2026-04-13,SKU004,Noise Cancelling Headphones,Electronics,10,5999,25,14
2026-04-14,SKU004,Noise Cancelling Headphones,Electronics,12,5999,25,14
2026-04-15,SKU004,Noise Cancelling Headphones,Electronics,10,5999,25,14
2026-04-16,SKU004,Noise Cancelling Headphones,Electronics,13,5999,25,14
2026-04-17,SKU004,Noise Cancelling Headphones,Electronics,19,5999,25,14
2026-04-18,SKU004,Noise Cancelling Headphones,Electronics,18,5999,25,14
2026-04-19,SKU004,Noise Cancelling Headphones,Electronics,12,5999,25,14
2026-04-20,SKU004,Noise Cancelling Headphones,Electronics,15,5999,25,14
2026-04-21,SKU004,Noise Cancelling Headphones,Electronics,12,5999,25,14
2026-04-22,SKU004,Noise Cancelling Headphones,Electronics,11,5999,25,14
2026-04-23,SKU004,Noise Cancelling Headphones,Electronics,11,5999,25,14
2026-04-24,SKU004,Noise Cancelling Headphones,Electronics,15,5999,25,14
2026-04-25,SKU004,Noise Cancelling Headphones,Electronics,15,5999,25,14
2026-04-26,SKU004,Noise Cancelling Headphones,Electronics,12,5999,25,14
2026-04-27,SKU004,Noise Cancelling Headphones,Electronics,12,5999,25,14
2026-04-28,SKU004,Noise Cancelling Headphones,Electronics,12,5999,25,14
2026-04-29,SKU004,Noise Cancelling Headphones,Electronics,13,5999,25,14
2026-04-30,SKU004,Noise Cancelling Headphones,Electronics,14,5999,25,14
2026-05-01,SKU004,Noise Cancelling Headphones,Electronics,18,5999,25,14
2026-05-02,SKU004,Noise Cancelling Headphones,Electronics,12,5999,25,14
2026-05-03,SKU004,Noise Cancelling Headphones,Electronics,7,5999,25,14
2026-05-04,SKU004,Noise Cancelling Headphones,Electronics,14,5999,25,14
2026-05-05,SKU004,Noise Cancelling Headphones,Electronics,10,5999,25,14
2026-05-06,SKU004,Noise Cancelling Headphones,Electronics,12,5999,25,14
2026-05-07,SKU004,Noise Cancelling Headphones,Electronics,10,5999,25,14
2026-05-08,SKU004,Noise Cancelling Headphones,Electronics,11,5999,25,14
2026-05-09,SKU004,Noise Cancelling Headphones,Electronics,17,5999,25,14
2026-05-10,SKU004,Noise Cancelling Headphones,Electronics,13,5999,25,14
2026-05-11,SKU004,Noise Cancelling Headphones,Electronics,11,5999,25,14
2026-05-12,SKU004,Noise Cancelling Headphones,Electronics,7,5999,25,14
2026-05-13,SKU004,Noise Cancelling Headphones,Electronics,11,5999,25,14
2026-05-14,SKU004,Noise Cancelling Headphones,Electronics,13,5999,25,14
2026-05-15,SKU004,Noise Cancelling Headphones,Electronics,12,5999,25,14
2026-05-16,SKU004,Noise Cancelling Headphones,Electronics,16,5999,25,14
2026-05-17,SKU004,Noise Cancelling Headphones,Electronics,12,5999,25,14
2026-05-18,SKU004,Noise Cancelling Headphones,Electronics,13,5999,25,14
2026-05-19,SKU004,Noise Cancelling Headphones,Electronics,12,5999,25,14
2026-05-20,SKU004,Noise Cancelling Headphones,Electronics,10,5999,25,14
2026-05-21,SKU004,Noise Cancelling Headphones,Electronics,14,5999,25,14
2026-05-22,SKU004,Noise Cancelling Headphones,Electronics,15,5999,25,14
2026-05-23,SKU004,Noise Cancelling Headphones,Electronics,16,5999,25,14
2026-05-24,SKU004,Noise Cancelling Headphones,Electronics,10,5999,25,14
2026-05-25,SKU004,Noise Cancelling Headphones,Electronics,11,5999,25,14
2026-05-26,SKU004,Noise Cancelling Headphones,Electronics,10,5999,25,14
2026-05-27,SKU004,Noise Cancelling Headphones,Electronics,12,5999,25,14
2026-05-28,SKU004,Noise Cancelling Headphones,Electronics,15,5999,25,14
2026-05-29,SKU004,Noise Cancelling Headphones,Electronics,12,5999,25,14
2026-05-30,SKU004,Noise Cancelling Headphones,Electronics,12,5999,25,14
2026-05-31,SKU004,Noise Cancelling Headphones,Electronics,15,5999,25,14
2026-06-01,SKU004,Noise Cancelling Headphones,Electronics,12,5999,25,14
2026-06-02,SKU004,Noise Cancelling Headphones,Electronics,11,5999,25,14
2026-06-03,SKU004,Noise Cancelling Headphones,Electronics,14,5999,25,14
2026-06-04,SKU004,Noise Cancelling Headphones,Electronics,11,5999,25,14
2026-06-05,SKU004,Noise Cancelling Headphones,Electronics,20,5999,25,14
2026-06-06,SKU004,Noise Cancelling Headphones,Electronics,17,5999,25,14
2026-06-07,SKU004,Noise Cancelling Headphones,Electronics,11,5999,25,14
2026-06-08,SKU004,Noise Cancelling Headphones,Electronics,16,5999,25,14
2026-06-09,SKU004,Noise Cancelling Headphones,Electronics,11,5999,25,14
2026-06-10,SKU004,Noise Cancelling Headphones,Electronics,13,5999,25,14
2026-06-11,SKU004,Noise Cancelling Headphones,Electronics,13,5999,25,14
2026-06-12,SKU004,Noise Cancelling Headphones,Electronics,19,5999,25,14
2026-06-13,SKU004,Noise Cancelling Headphones,Electronics,19,5999,25,14
2026-06-14,SKU004,Noise Cancelling Headphones,Electronics,12,5999,25,14
2026-06-15,SKU004,Noise Cancelling Headphones,Electronics,11,5999,25,14
2026-06-16,SKU004,Noise Cancelling Headphones,Electronics,13,5999,25,14
2026-06-17,SKU004,Noise Cancelling Headphones,Electronics,11,5999,25,14
2026-06-18,SKU004,Noise Cancelling Headphones,Electronics,16,5999,25,14
2026-06-19,SKU004,Noise Cancelling Headphones,Electronics,16,5999,25,14
2026-06-20,SKU004,Noise Cancelling Headphones,Electronics,15,5999,25,14
2026-06-21,SKU004,Noise Cancelling Headphones,Electronics,12,5999,25,14
2026-06-22,SKU004,Noise Cancelling Headphones,Electronics,10,5999,25,14
2026-06-23,SKU004,Noise Cancelling Headphones,Electronics,10,5999,25,14
2026-06-24,SKU004,Noise Cancelling Headphones,Electronics,14,5999,25,14
2026-06-25,SKU004,Noise Cancelling Headphones,Electronics,11,5999,25,14
2026-06-26,SKU004,Noise Cancelling Headphones,Electronics,13,5999,25,14
2026-06-27,SKU004,Noise Cancelling Headphones,Electronics,17,5999,25,14
2026-06-28,SKU004,Noise Cancelling Headphones,Electronics,14,5999,25,14
2026-06-29,SKU004,Noise Cancelling Headphones,Electronics,13,5999,25,14
2026-06-30,SKU004,Noise Cancelling Headphones,Electronics,14,5999,25,14
2026-07-01,SKU004,Noise Cancelling Headphones,Electronics,11,5999,25,14
2026-07-02,SKU004,Noise Cancelling Headphones,Electronics,9,5999,25,14
2026-07-03,SKU004,Noise Cancelling Headphones,Electronics,19,5999,25,14
2026-07-04,SKU004,Noise Cancelling Headphones,Electronics,15,5999,25,14
2026-07-05,SKU004,Noise Cancelling Headphones,Electronics,12,5999,25,14
2026-07-06,SKU004,Noise Cancelling Headphones,Electronics,14,5999,25,14
2026-07-07,SKU004,Noise Cancelling Headphones,Electronics,13,5999,25,14
2026-07-08,SKU004,Noise Cancelling Headphones,Electronics,13,5999,25,14
2026-07-09,SKU004,Noise Cancelling Headphones,Electronics,16,5999,25,14
2026-07-10,SKU004,Noise Cancelling Headphones,Electronics,14,5999,25,14
2026-07-11,SKU004,Noise Cancelling Headphones,Electronics,18,5999,25,14
2026-07-12,SKU004,Noise Cancelling Headphones,Electronics,12,5999,25,14
2026-07-13,SKU004,Noise Cancelling Headphones,Electronics,12,5999,25,14
2026-07-14,SKU004,Noise Cancelling Headphones,Electronics,15,5999,25,14
2026-07-15,SKU004,Noise Cancelling Headphones,Electronics,13,5999,25,14
2026-07-16,SKU004,Noise Cancelling Headphones,Electronics,13,5999,25,14
2026-07-17,SKU004,Noise Cancelling Headphones,Electronics,18,5999,25,14
2026-07-18,SKU004,Noise Cancelling Headphones,Electronics,15,5999,25,14
2026-07-19,SKU004,Noise Cancelling Headphones,Electronics,10,5999,25,14
2026-07-20,SKU004,Noise Cancelling Headphones,Electronics,10,5999,25,14
2026-07-21,SKU004,Noise Cancelling Headphones,Electronics,8,5999,25,14
2026-07-22,SKU004,Noise Cancelling Headphones,Electronics,16,5999,25,14
2026-07-23,SKU004,Noise Cancelling Headphones,Electronics,10,5999,25,14
2026-07-24,SKU004,Noise Cancelling Headphones,Electronics,15,5999,25,14
2026-07-25,SKU004,Noise Cancelling Headphones,Electronics,15,5999,25,14
2026-07-26,SKU004,Noise Cancelling Headphones,Electronics,13,5999,25,14
2026-07-27,SKU004,Noise Cancelling Headphones,Electronics,13,5999,25,14
2026-07-28,SKU004,Noise Cancelling Headphones,Electronics,14,5999,25,14
2026-07-29,SKU004,Noise Cancelling Headphones,Electronics,11,5999,25,14
2026-07-30,SKU004,Noise Cancelling Headphones,Electronics,12,5999,25,14
2026-07-31,SKU004,Noise Cancelling Headphones,Electronics,16,5999,25,14
2026-08-01,SKU004,Noise Cancelling Headphones,Electronics,15,5999,25,14
2026-08-02,SKU004,Noise Cancelling Headphones,Electronics,15,5999,25,14
2026-08-03,SKU004,Noise Cancelling Headphones,Electronics,13,5999,25,14
2026-08-04,SKU004,Noise Cancelling Headphones,Electronics,13,5999,25,14
2026-08-05,SKU004,Noise Cancelling Headphones,Electronics,13,5999,25,14
2026-08-06,SKU004,Noise Cancelling Headphones,Electronics,14,5999,25,14
2026-08-07,SKU004,Noise Cancelling Headphones,Electronics,16,5999,25,14
2026-08-08,SKU004,Noise Cancelling Headphones,Electronics,13,5999,25,14
2026-08-09,SKU004,Noise Cancelling Headphones,Electronics,13,5999,25,14
2026-08-10,SKU004,Noise Cancelling Headphones,Electronics,11,5999,25,14
2026-08-11,SKU004,Noise Cancelling Headphones,Electronics,11,5999,25,14
2026-08-12,SKU004,Noise Cancelling Headphones,Electronics,13,5999,25,14
2026-08-13,SKU004,Noise Cancelling Headphones,Electronics,14,5999,25,14
2026-08-14,SKU004,Noise Cancelling Headphones,Electronics,16,5999,25,14
2026-08-15,SKU004,Noise Cancelling Headphones,Electronics,16,5999,25,14
2026-08-16,SKU004,Noise Cancelling Headphones,Electronics,15,5999,25,14
2026-08-17,SKU004,Noise Cancelling Headphones,Electronics,12,5999,25,14
2026-08-18,SKU004,Noise Cancelling Headphones,Electronics,17,5999,25,14
2026-08-19,SKU004,Noise Cancelling Headphones,Electronics,13,5999,25,14
2026-08-20,SKU004,Noise Cancelling Headphones,Electronics,9,5999,25,14
2026-08-21,SKU004,Noise Cancelling Headphones,Electronics,17,5999,25,14
2026-08-22,SKU004,Noise Cancelling Headphones,Electronics,16,5999,25,14
2026-08-23,SKU004,Noise Cancelling Headphones,Electronics,14,5999,25,14
2026-08-24,SKU004,Noise Cancelling Headphones,Electronics,13,5999,25,14
2026-08-25,SKU004,Noise Cancelling Headphones,Electronics,12,5999,25,14
2026-08-26,SKU004,Noise Cancelling Headphones,Electronics,10,5999,25,14
2026-08-27,SKU004,Noise Cancelling Headphones,Electronics,12,5999,25,14
2026-08-28,SKU004,Noise Cancelling Headphones,Electronics,14,5999,25,14
2025-08-28,SKU005,Ergonomic Office Chair,Home,7,8999,14,12
2025-08-29,SKU005,Ergonomic Office Chair,Home,11,8999,14,12
2025-08-30,SKU005,Ergonomic Office Chair,Home,13,8999,14,12
2025-08-31,SKU005,Ergonomic Office Chair,Home,8,8999,14,12
2025-09-01,SKU005,Ergonomic Office Chair,Home,7,8999,14,12
2025-09-02,SKU005,Ergonomic Office Chair,Home,9,8999,14,12
2025-09-03,SKU005,Ergonomic Office Chair,Home,9,8999,14,12
2025-09-04,SKU005,Ergonomic Office Chair,Home,7,8999,14,12
2025-09-05,SKU005,Ergonomic Office Chair,Home,10,8999,14,12
2025-09-06,SKU005,Ergonomic Office Chair,Home,10,8999,14,12
2025-09-07,SKU005,Ergonomic Office Chair,Home,7,8999,14,12
2025-09-08,SKU005,Ergonomic Office Chair,Home,9,8999,14,12
2025-09-09,SKU005,Ergonomic Office Chair,Home,8,8999,14,12
2025-09-10,SKU005,Ergonomic Office Chair,Home,9,8999,14,12
2025-09-11,SKU005,Ergonomic Office Chair,Home,7,8999,14,12
2025-09-12,SKU005,Ergonomic Office Chair,Home,10,8999,14,12
2025-09-13,SKU005,Ergonomic Office Chair,Home,12,8999,14,12
2025-09-14,SKU005,Ergonomic Office Chair,Home,8,8999,14,12
2025-09-15,SKU005,Ergonomic Office Chair,Home,10,8999,14,12
2025-09-16,SKU005,Ergonomic Office Chair,Home,8,8999,14,12
2025-09-17,SKU005,Ergonomic Office Chair,Home,8,8999,14,12
2025-09-18,SKU005,Ergonomic Office Chair,Home,9,8999,14,12
2025-09-19,SKU005,Ergonomic Office Chair,Home,8,8999,14,12
2025-09-20,SKU005,Ergonomic Office Chair,Home,8,8999,14,12
2025-09-21,SKU005,Ergonomic Office Chair,Home,6,8999,14,12
2025-09-22,SKU005,Ergonomic Office Chair,Home,10,8999,14,12
2025-09-23,SKU005,Ergonomic Office Chair,Home,7,8999,14,12
2025-09-24,SKU005,Ergonomic Office Chair,Home,11,8999,14,12
2025-09-25,SKU005,Ergonomic Office Chair,Home,7,8999,14,12
2025-09-26,SKU005,Ergonomic Office Chair,Home,11,8999,14,12
2025-09-27,SKU005,Ergonomic Office Chair,Home,13,8999,14,12
2025-09-28,SKU005,Ergonomic Office Chair,Home,10,8999,14,12
2025-09-29,SKU005,Ergonomic Office Chair,Home,10,8999,14,12
2025-09-30,SKU005,Ergonomic Office Chair,Home,9,8999,14,12
2025-10-01,SKU005,Ergonomic Office Chair,Home,9,8999,14,12
2025-10-02,SKU005,Ergonomic Office Chair,Home,9,8999,14,12
2025-10-03,SKU005,Ergonomic Office Chair,Home,12,8999,14,12
2025-10-04,SKU005,Ergonomic Office Chair,Home,10,8999,14,12
2025-10-05,SKU005,Ergonomic Office Chair,Home,7,8999,14,12
2025-10-06,SKU005,Ergonomic Office Chair,Home,8,8999,14,12
2025-10-07,SKU005,Ergonomic Office Chair,Home,8,8999,14,12
2025-10-08,SKU005,Ergonomic Office Chair,Home,7,8999,14,12
2025-10-09,SKU005,Ergonomic Office Chair,Home,9,8999,14,12
2025-10-10,SKU005,Ergonomic Office Chair,Home,12,8999,14,12
2025-10-11,SKU005,Ergonomic Office Chair,Home,11,8999,14,12
2025-10-12,SKU005,Ergonomic Office Chair,Home,10,8999,14,12
2025-10-13,SKU005,Ergonomic Office Chair,Home,7,8999,14,12
2025-10-14,SKU005,Ergonomic Office Chair,Home,8,8999,14,12
2025-10-15,SKU005,Ergonomic Office Chair,Home,7,8999,14,12
2025-10-16,SKU005,Ergonomic Office Chair,Home,6,8999,14,12
2025-10-17,SKU005,Ergonomic Office Chair,Home,10,8999,14,12
2025-10-18,SKU005,Ergonomic Office Chair,Home,10,8999,14,12
2025-10-19,SKU005,Ergonomic Office Chair,Home,10,8999,14,12
2025-10-20,SKU005,Ergonomic Office Chair,Home,9,8999,14,12
2025-10-21,SKU005,Ergonomic Office Chair,Home,7,8999,14,12
2025-10-22,SKU005,Ergonomic Office Chair,Home,10,8999,14,12
2025-10-23,SKU005,Ergonomic Office Chair,Home,9,8999,14,12
2025-10-24,SKU005,Ergonomic Office Chair,Home,11,8999,14,12
2025-10-25,SKU005,Ergonomic Office Chair,Home,10,8999,14,12
2025-10-26,SKU005,Ergonomic Office Chair,Home,7,8999,14,12
2025-10-27,SKU005,Ergonomic Office Chair,Home,8,8999,14,12
2025-10-28,SKU005,Ergonomic Office Chair,Home,9,8999,14,12
2025-10-29,SKU005,Ergonomic Office Chair,Home,10,8999,14,12
2025-10-30,SKU005,Ergonomic Office Chair,Home,10,8999,14,12
2025-10-31,SKU005,Ergonomic Office Chair,Home,10,8999,14,12
2025-11-01,SKU005,Ergonomic Office Chair,Home,12,8999,14,12
2025-11-02,SKU005,Ergonomic Office Chair,Home,11,8999,14,12
2025-11-03,SKU005,Ergonomic Office Chair,Home,8,8999,14,12
2025-11-04,SKU005,Ergonomic Office Chair,Home,12,8999,14,12
2025-11-05,SKU005,Ergonomic Office Chair,Home,11,8999,14,12
2025-11-06,SKU005,Ergonomic Office Chair,Home,10,8999,14,12
2025-11-07,SKU005,Ergonomic Office Chair,Home,11,8999,14,12
2025-11-08,SKU005,Ergonomic Office Chair,Home,16,8999,14,12
2025-11-09,SKU005,Ergonomic Office Chair,Home,10,8999,14,12
2025-11-10,SKU005,Ergonomic Office Chair,Home,9,8999,14,12
2025-11-11,SKU005,Ergonomic Office Chair,Home,6,8999,14,12
2025-11-12,SKU005,Ergonomic Office Chair,Home,11,8999,14,12
2025-11-13,SKU005,Ergonomic Office Chair,Home,14,8999,14,12
2025-11-14,SKU005,Ergonomic Office Chair,Home,18,8999,14,12
2025-11-15,SKU005,Ergonomic Office Chair,Home,14,8999,14,12
2025-11-16,SKU005,Ergonomic Office Chair,Home,10,8999,14,12
2025-11-17,SKU005,Ergonomic Office Chair,Home,12,8999,14,12
2025-11-18,SKU005,Ergonomic Office Chair,Home,10,8999,14,12
2025-11-19,SKU005,Ergonomic Office Chair,Home,12,8999,14,12
2025-11-20,SKU005,Ergonomic Office Chair,Home,12,8999,14,12
2025-11-21,SKU005,Ergonomic Office Chair,Home,17,8999,14,12
2025-11-22,SKU005,Ergonomic Office Chair,Home,14,8999,14,12
2025-11-23,SKU005,Ergonomic Office Chair,Home,11,8999,14,12
2025-11-24,SKU005,Ergonomic Office Chair,Home,10,8999,14,12
2025-11-25,SKU005,Ergonomic Office Chair,Home,10,8999,14,12
2025-11-26,SKU005,Ergonomic Office Chair,Home,11,8999,14,12
2025-11-27,SKU005,Ergonomic Office Chair,Home,12,8999,14,12
2025-11-28,SKU005,Ergonomic Office Chair,Home,17,8999,14,12
2025-11-29,SKU005,Ergonomic Office Chair,Home,13,8999,14,12
2025-11-30,SKU005,Ergonomic Office Chair,Home,14,8999,14,12
2025-12-01,SKU005,Ergonomic Office Chair,Home,11,8999,14,12
2025-12-02,SKU005,Ergonomic Office Chair,Home,11,8999,14,12
2025-12-03,SKU005,Ergonomic Office Chair,Home,10,8999,14,12
2025-12-04,SKU005,Ergonomic Office Chair,Home,7,8999,14,12
2025-12-05,SKU005,Ergonomic Office Chair,Home,16,8999,14,12
2025-12-06,SKU005,Ergonomic Office Chair,Home,16,8999,14,12
2025-12-07,SKU005,Ergonomic Office Chair,Home,11,8999,14,12
2025-12-08,SKU005,Ergonomic Office Chair,Home,11,8999,14,12
2025-12-09,SKU005,Ergonomic Office Chair,Home,12,8999,14,12
2025-12-10,SKU005,Ergonomic Office Chair,Home,9,8999,14,12
2025-12-11,SKU005,Ergonomic Office Chair,Home,10,8999,14,12
2025-12-12,SKU005,Ergonomic Office Chair,Home,16,8999,14,12
2025-12-13,SKU005,Ergonomic Office Chair,Home,12,8999,14,12
2025-12-14,SKU005,Ergonomic Office Chair,Home,12,8999,14,12
2025-12-15,SKU005,Ergonomic Office Chair,Home,9,8999,14,12
2025-12-16,SKU005,Ergonomic Office Chair,Home,12,8999,14,12
2025-12-17,SKU005,Ergonomic Office Chair,Home,11,8999,14,12
2025-12-18,SKU005,Ergonomic Office Chair,Home,8,8999,14,12
2025-12-19,SKU005,Ergonomic Office Chair,Home,17,8999,14,12
2025-12-20,SKU005,Ergonomic Office Chair,Home,13,8999,14,12
2025-12-21,SKU005,Ergonomic Office Chair,Home,10,8999,14,12
2025-12-22,SKU005,Ergonomic Office Chair,Home,12,8999,14,12
2025-12-23,SKU005,Ergonomic Office Chair,Home,13,8999,14,12
2025-12-24,SKU005,Ergonomic Office Chair,Home,9,8999,14,12
2025-12-25,SKU005,Ergonomic Office Chair,Home,11,8999,14,12
2025-12-26,SKU005,Ergonomic Office Chair,Home,15,8999,14,12
2025-12-27,SKU005,Ergonomic Office Chair,Home,16,8999,14,12
2025-12-28,SKU005,Ergonomic Office Chair,Home,11,8999,14,12
2025-12-29,SKU005,Ergonomic Office Chair,Home,11,8999,14,12
2025-12-30,SKU005,Ergonomic Office Chair,Home,10,8999,14,12
2025-12-31,SKU005,Ergonomic Office Chair,Home,11,8999,14,12
2026-01-01,SKU005,Ergonomic Office Chair,Home,7,8999,14,12
2026-01-02,SKU005,Ergonomic Office Chair,Home,6,8999,14,12
2026-01-03,SKU005,Ergonomic Office Chair,Home,11,8999,14,12
2026-01-04,SKU005,Ergonomic Office Chair,Home,9,8999,14,12
2026-01-05,SKU005,Ergonomic Office Chair,Home,5,8999,14,12
2026-01-06,SKU005,Ergonomic Office Chair,Home,7,8999,14,12
2026-01-07,SKU005,Ergonomic Office Chair,Home,9,8999,14,12
2026-01-08,SKU005,Ergonomic Office Chair,Home,10,8999,14,12
2026-01-09,SKU005,Ergonomic Office Chair,Home,10,8999,14,12
2026-01-10,SKU005,Ergonomic Office Chair,Home,9,8999,14,12
2026-01-11,SKU005,Ergonomic Office Chair,Home,8,8999,14,12
2026-01-12,SKU005,Ergonomic Office Chair,Home,10,8999,14,12
2026-01-13,SKU005,Ergonomic Office Chair,Home,7,8999,14,12
2026-01-14,SKU005,Ergonomic Office Chair,Home,7,8999,14,12
2026-01-15,SKU005,Ergonomic Office Chair,Home,7,8999,14,12
2026-01-16,SKU005,Ergonomic Office Chair,Home,9,8999,14,12
2026-01-17,SKU005,Ergonomic Office Chair,Home,11,8999,14,12
2026-01-18,SKU005,Ergonomic Office Chair,Home,10,8999,14,12
2026-01-19,SKU005,Ergonomic Office Chair,Home,8,8999,14,12
2026-01-20,SKU005,Ergonomic Office Chair,Home,8,8999,14,12
2026-01-21,SKU005,Ergonomic Office Chair,Home,8,8999,14,12
2026-01-22,SKU005,Ergonomic Office Chair,Home,6,8999,14,12
2026-01-23,SKU005,Ergonomic Office Chair,Home,12,8999,14,12
2026-01-24,SKU005,Ergonomic Office Chair,Home,10,8999,14,12
2026-01-25,SKU005,Ergonomic Office Chair,Home,8,8999,14,12
2026-01-26,SKU005,Ergonomic Office Chair,Home,12,8999,14,12
2026-01-27,SKU005,Ergonomic Office Chair,Home,8,8999,14,12
2026-01-28,SKU005,Ergonomic Office Chair,Home,7,8999,14,12
2026-01-29,SKU005,Ergonomic Office Chair,Home,7,8999,14,12
2026-01-30,SKU005,Ergonomic Office Chair,Home,12,8999,14,12
2026-01-31,SKU005,Ergonomic Office Chair,Home,11,8999,14,12
2026-02-01,SKU005,Ergonomic Office Chair,Home,6,8999,14,12
2026-02-02,SKU005,Ergonomic Office Chair,Home,9,8999,14,12
2026-02-03,SKU005,Ergonomic Office Chair,Home,7,8999,14,12
2026-02-04,SKU005,Ergonomic Office Chair,Home,10,8999,14,12
2026-02-05,SKU005,Ergonomic Office Chair,Home,9,8999,14,12
2026-02-06,SKU005,Ergonomic Office Chair,Home,10,8999,14,12
2026-02-07,SKU005,Ergonomic Office Chair,Home,12,8999,14,12
2026-02-08,SKU005,Ergonomic Office Chair,Home,8,8999,14,12
2026-02-09,SKU005,Ergonomic Office Chair,Home,9,8999,14,12
2026-02-10,SKU005,Ergonomic Office Chair,Home,9,8999,14,12
2026-02-11,SKU005,Ergonomic Office Chair,Home,7,8999,14,12
2026-02-12,SKU005,Ergonomic Office Chair,Home,7,8999,14,12
2026-02-13,SKU005,Ergonomic Office Chair,Home,12,8999,14,12
2026-02-14,SKU005,Ergonomic Office Chair,Home,10,8999,14,12
2026-02-15,SKU005,Ergonomic Office Chair,Home,8,8999,14,12
2026-02-16,SKU005,Ergonomic Office Chair,Home,7,8999,14,12
2026-02-17,SKU005,Ergonomic Office Chair,Home,9,8999,14,12
2026-02-18,SKU005,Ergonomic Office Chair,Home,10,8999,14,12
2026-02-19,SKU005,Ergonomic Office Chair,Home,7,8999,14,12
2026-02-20,SKU005,Ergonomic Office Chair,Home,10,8999,14,12
2026-02-21,SKU005,Ergonomic Office Chair,Home,13,8999,14,12
2026-02-22,SKU005,Ergonomic Office Chair,Home,8,8999,14,12
2026-02-23,SKU005,Ergonomic Office Chair,Home,9,8999,14,12
2026-02-24,SKU005,Ergonomic Office Chair,Home,7,8999,14,12
2026-02-25,SKU005,Ergonomic Office Chair,Home,9,8999,14,12
2026-02-26,SKU005,Ergonomic Office Chair,Home,8,8999,14,12
2026-02-27,SKU005,Ergonomic Office Chair,Home,12,8999,14,12
2026-02-28,SKU005,Ergonomic Office Chair,Home,12,8999,14,12
2026-03-01,SKU005,Ergonomic Office Chair,Home,11,8999,14,12
2026-03-02,SKU005,Ergonomic Office Chair,Home,9,8999,14,12
2026-03-03,SKU005,Ergonomic Office Chair,Home,8,8999,14,12
2026-03-04,SKU005,Ergonomic Office Chair,Home,8,8999,14,12
2026-03-05,SKU005,Ergonomic Office Chair,Home,8,8999,14,12
2026-03-06,SKU005,Ergonomic Office Chair,Home,11,8999,14,12
2026-03-07,SKU005,Ergonomic Office Chair,Home,10,8999,14,12
2026-03-08,SKU005,Ergonomic Office Chair,Home,8,8999,14,12
2026-03-09,SKU005,Ergonomic Office Chair,Home,10,8999,14,12
2026-03-10,SKU005,Ergonomic Office Chair,Home,7,8999,14,12
2026-03-11,SKU005,Ergonomic Office Chair,Home,9,8999,14,12
2026-03-12,SKU005,Ergonomic Office Chair,Home,10,8999,14,12
2026-03-13,SKU005,Ergonomic Office Chair,Home,10,8999,14,12
2026-03-14,SKU005,Ergonomic Office Chair,Home,7,8999,14,12
2026-03-15,SKU005,Ergonomic Office Chair,Home,7,8999,14,12
2026-03-16,SKU005,Ergonomic Office Chair,Home,10,8999,14,12
2026-03-17,SKU005,Ergonomic Office Chair,Home,8,8999,14,12
2026-03-18,SKU005,Ergonomic Office Chair,Home,7,8999,14,12
2026-03-19,SKU005,Ergonomic Office Chair,Home,7,8999,14,12
2026-03-20,SKU005,Ergonomic Office Chair,Home,12,8999,14,12
2026-03-21,SKU005,Ergonomic Office Chair,Home,11,8999,14,12
2026-03-22,SKU005,Ergonomic Office Chair,Home,8,8999,14,12
2026-03-23,SKU005,Ergonomic Office Chair,Home,8,8999,14,12
2026-03-24,SKU005,Ergonomic Office Chair,Home,8,8999,14,12
2026-03-25,SKU005,Ergonomic Office Chair,Home,7,8999,14,12
2026-03-26,SKU005,Ergonomic Office Chair,Home,10,8999,14,12
2026-03-27,SKU005,Ergonomic Office Chair,Home,10,8999,14,12
2026-03-28,SKU005,Ergonomic Office Chair,Home,12,8999,14,12
2026-03-29,SKU005,Ergonomic Office Chair,Home,10,8999,14,12
2026-03-30,SKU005,Ergonomic Office Chair,Home,9,8999,14,12
2026-03-31,SKU005,Ergonomic Office Chair,Home,7,8999,14,12
2026-04-01,SKU005,Ergonomic Office Chair,Home,8,8999,14,12
2026-04-02,SKU005,Ergonomic Office Chair,Home,8,8999,14,12
2026-04-03,SKU005,Ergonomic Office Chair,Home,9,8999,14,12
2026-04-04,SKU005,Ergonomic Office Chair,Home,11,8999,14,12
2026-04-05,SKU005,Ergonomic Office Chair,Home,7,8999,14,12
2026-04-06,SKU005,Ergonomic Office Chair,Home,9,8999,14,12
2026-04-07,SKU005,Ergonomic Office Chair,Home,7,8999,14,12
2026-04-08,SKU005,Ergonomic Office Chair,Home,8,8999,14,12
2026-04-09,SKU005,Ergonomic Office Chair,Home,8,8999,14,12
2026-04-10,SKU005,Ergonomic Office Chair,Home,10,8999,14,12
2026-04-11,SKU005,Ergonomic Office Chair,Home,11,8999,14,12
2026-04-12,SKU005,Ergonomic Office Chair,Home,7,8999,14,12
2026-04-13,SKU005,Ergonomic Office Chair,Home,9,8999,14,12
2026-04-14,SKU005,Ergonomic Office Chair,Home,6,8999,14,12
2026-04-15,SKU005,Ergonomic Office Chair,Home,8,8999,14,12
2026-04-16,SKU005,Ergonomic Office Chair,Home,10,8999,14,12
2026-04-17,SKU005,Ergonomic Office Chair,Home,9,8999,14,12
2026-04-18,SKU005,Ergonomic Office Chair,Home,9,8999,14,12
2026-04-19,SKU005,Ergonomic Office Chair,Home,9,8999,14,12
2026-04-20,SKU005,Ergonomic Office Chair,Home,8,8999,14,12
2026-04-21,SKU005,Ergonomic Office Chair,Home,8,8999,14,12
2026-04-22,SKU005,Ergonomic Office Chair,Home,9,8999,14,12
2026-04-23,SKU005,Ergonomic Office Chair,Home,9,8999,14,12
2026-04-24,SKU005,Ergonomic Office Chair,Home,12,8999,14,12
2026-04-25,SKU005,Ergonomic Office Chair,Home,11,8999,14,12
2026-04-26,SKU005,Ergonomic Office Chair,Home,8,8999,14,12
2026-04-27,SKU005,Ergonomic Office Chair,Home,9,8999,14,12
2026-04-28,SKU005,Ergonomic Office Chair,Home,10,8999,14,12
2026-04-29,SKU005,Ergonomic Office Chair,Home,8,8999,14,12
2026-04-30,SKU005,Ergonomic Office Chair,Home,7,8999,14,12
2026-05-01,SKU005,Ergonomic Office Chair,Home,12,8999,14,12
2026-05-02,SKU005,Ergonomic Office Chair,Home,10,8999,14,12
2026-05-03,SKU005,Ergonomic Office Chair,Home,5,8999,14,12
2026-05-04,SKU005,Ergonomic Office Chair,Home,9,8999,14,12
2026-05-05,SKU005,Ergonomic Office Chair,Home,7,8999,14,12
2026-05-06,SKU005,Ergonomic Office Chair,Home,8,8999,14,12
2026-05-07,SKU005,Ergonomic Office Chair,Home,8,8999,14,12
2026-05-08,SKU005,Ergonomic Office Chair,Home,11,8999,14,12
2026-05-09,SKU005,Ergonomic Office Chair,Home,12,8999,14,12
2026-05-10,SKU005,Ergonomic Office Chair,Home,7,8999,14,12
2026-05-11,SKU005,Ergonomic Office Chair,Home,9,8999,14,12
2026-05-12,SKU005,Ergonomic Office Chair,Home,8,8999,14,12
2026-05-13,SKU005,Ergonomic Office Chair,Home,9,8999,14,12
2026-05-14,SKU005,Ergonomic Office Chair,Home,9,8999,14,12
2026-05-15,SKU005,Ergonomic Office Chair,Home,9,8999,14,12
2026-05-16,SKU005,Ergonomic Office Chair,Home,12,8999,14,12
2026-05-17,SKU005,Ergonomic Office Chair,Home,7,8999,14,12
2026-05-18,SKU005,Ergonomic Office Chair,Home,9,8999,14,12
2026-05-19,SKU005,Ergonomic Office Chair,Home,8,8999,14,12
2026-05-20,SKU005,Ergonomic Office Chair,Home,10,8999,14,12
2026-05-21,SKU005,Ergonomic Office Chair,Home,8,8999,14,12
2026-05-22,SKU005,Ergonomic Office Chair,Home,10,8999,14,12
2026-05-23,SKU005,Ergonomic Office Chair,Home,10,8999,14,12
2026-05-24,SKU005,Ergonomic Office Chair,Home,8,8999,14,12
2026-05-25,SKU005,Ergonomic Office Chair,Home,9,8999,14,12
2026-05-26,SKU005,Ergonomic Office Chair,Home,6,8999,14,12
2026-05-27,SKU005,Ergonomic Office Chair,Home,7,8999,14,12
2026-05-28,SKU005,Ergonomic Office Chair,Home,7,8999,14,12
2026-05-29,SKU005,Ergonomic Office Chair,Home,12,8999,14,12
2026-05-30,SKU005,Ergonomic Office Chair,Home,13,8999,14,12
2026-05-31,SKU005,Ergonomic Office Chair,Home,8,8999,14,12
2026-06-01,SKU005,Ergonomic Office Chair,Home,8,8999,14,12
2026-06-02,SKU005,Ergonomic Office Chair,Home,8,8999,14,12
2026-06-03,SKU005,Ergonomic Office Chair,Home,9,8999,14,12
2026-06-04,SKU005,Ergonomic Office Chair,Home,7,8999,14,12
2026-06-05,SKU005,Ergonomic Office Chair,Home,11,8999,14,12
2026-06-06,SKU005,Ergonomic Office Chair,Home,12,8999,14,12
2026-06-07,SKU005,Ergonomic Office Chair,Home,9,8999,14,12
2026-06-08,SKU005,Ergonomic Office Chair,Home,8,8999,14,12
2026-06-09,SKU005,Ergonomic Office Chair,Home,9,8999,14,12
2026-06-10,SKU005,Ergonomic Office Chair,Home,5,8999,14,12
2026-06-11,SKU005,Ergonomic Office Chair,Home,9,8999,14,12
2026-06-12,SKU005,Ergonomic Office Chair,Home,9,8999,14,12
2026-06-13,SKU005,Ergonomic Office Chair,Home,8,8999,14,12
2026-06-14,SKU005,Ergonomic Office Chair,Home,9,8999,14,12
2026-06-15,SKU005,Ergonomic Office Chair,Home,10,8999,14,12
2026-06-16,SKU005,Ergonomic Office Chair,Home,8,8999,14,12
2026-06-17,SKU005,Ergonomic Office Chair,Home,9,8999,14,12
2026-06-18,SKU005,Ergonomic Office Chair,Home,10,8999,14,12
2026-06-19,SKU005,Ergonomic Office Chair,Home,12,8999,14,12
2026-06-20,SKU005,Ergonomic Office Chair,Home,13,8999,14,12
2026-06-21,SKU005,Ergonomic Office Chair,Home,9,8999,14,12
2026-06-22,SKU005,Ergonomic Office Chair,Home,8,8999,14,12
2026-06-23,SKU005,Ergonomic Office Chair,Home,6,8999,14,12
2026-06-24,SKU005,Ergonomic Office Chair,Home,8,8999,14,12
2026-06-25,SKU005,Ergonomic Office Chair,Home,7,8999,14,12
2026-06-26,SKU005,Ergonomic Office Chair,Home,14,8999,14,12
2026-06-27,SKU005,Ergonomic Office Chair,Home,10,8999,14,12
2026-06-28,SKU005,Ergonomic Office Chair,Home,8,8999,14,12
2026-06-29,SKU005,Ergonomic Office Chair,Home,9,8999,14,12
2026-06-30,SKU005,Ergonomic Office Chair,Home,8,8999,14,12
2026-07-01,SKU005,Ergonomic Office Chair,Home,10,8999,14,12
2026-07-02,SKU005,Ergonomic Office Chair,Home,7,8999,14,12
2026-07-03,SKU005,Ergonomic Office Chair,Home,11,8999,14,12
2026-07-04,SKU005,Ergonomic Office Chair,Home,9,8999,14,12
2026-07-05,SKU005,Ergonomic Office Chair,Home,6,8999,14,12
2026-07-06,SKU005,Ergonomic Office Chair,Home,7,8999,14,12
2026-07-07,SKU005,Ergonomic Office Chair,Home,8,8999,14,12
2026-07-08,SKU005,Ergonomic Office Chair,Home,7,8999,14,12
2026-07-09,SKU005,Ergonomic Office Chair,Home,7,8999,14,12
2026-07-10,SKU005,Ergonomic Office Chair,Home,8,8999,14,12
2026-07-11,SKU005,Ergonomic Office Chair,Home,10,8999,14,12
2026-07-12,SKU005,Ergonomic Office Chair,Home,6,8999,14,12
2026-07-13,SKU005,Ergonomic Office Chair,Home,9,8999,14,12
2026-07-14,SKU005,Ergonomic Office Chair,Home,8,8999,14,12
2026-07-15,SKU005,Ergonomic Office Chair,Home,6,8999,14,12
2026-07-16,SKU005,Ergonomic Office Chair,Home,8,8999,14,12
2026-07-17,SKU005,Ergonomic Office Chair,Home,9,8999,14,12
2026-07-18,SKU005,Ergonomic Office Chair,Home,11,8999,14,12
2026-07-19,SKU005,Ergonomic Office Chair,Home,10,8999,14,12
2026-07-20,SKU005,Ergonomic Office Chair,Home,6,8999,14,12
2026-07-21,SKU005,Ergonomic Office Chair,Home,8,8999,14,12
2026-07-22,SKU005,Ergonomic Office Chair,Home,8,8999,14,12
2026-07-23,SKU005,Ergonomic Office Chair,Home,9,8999,14,12
2026-07-24,SKU005,Ergonomic Office Chair,Home,11,8999,14,12
2026-07-25,SKU005,Ergonomic Office Chair,Home,9,8999,14,12
2026-07-26,SKU005,Ergonomic Office Chair,Home,8,8999,14,12
2026-07-27,SKU005,Ergonomic Office Chair,Home,7,8999,14,12
2026-07-28,SKU005,Ergonomic Office Chair,Home,9,8999,14,12
2026-07-29,SKU005,Ergonomic Office Chair,Home,8,8999,14,12
2026-07-30,SKU005,Ergonomic Office Chair,Home,10,8999,14,12
2026-07-31,SKU005,Ergonomic Office Chair,Home,10,8999,14,12
2026-08-01,SKU005,Ergonomic Office Chair,Home,9,8999,14,12
2026-08-02,SKU005,Ergonomic Office Chair,Home,6,8999,14,12
2026-08-03,SKU005,Ergonomic Office Chair,Home,6,8999,14,12
2026-08-04,SKU005,Ergonomic Office Chair,Home,6,8999,14,12
2026-08-05,SKU005,Ergonomic Office Chair,Home,8,8999,14,12
2026-08-06,SKU005,Ergonomic Office Chair,Home,9,8999,14,12
2026-08-07,SKU005,Ergonomic Office Chair,Home,8,8999,14,12
2026-08-08,SKU005,Ergonomic Office Chair,Home,12,8999,14,12
2026-08-09,SKU005,Ergonomic Office Chair,Home,7,8999,14,12
2026-08-10,SKU005,Ergonomic Office Chair,Home,8,8999,14,12
2026-08-11,SKU005,Ergonomic Office Chair,Home,10,8999,14,12
2026-08-12,SKU005,Ergonomic Office Chair,Home,9,8999,14,12
2026-08-13,SKU005,Ergonomic Office Chair,Home,8,8999,14,12
2026-08-14,SKU005,Ergonomic Office Chair,Home,9,8999,14,12
2026-08-15,SKU005,Ergonomic Office Chair,Home,7,8999,14,12
2026-08-16,SKU005,Ergonomic Office Chair,Home,7,8999,14,12
2026-08-17,SKU005,Ergonomic Office Chair,Home,8,8999,14,12
2026-08-18,SKU005,Ergonomic Office Chair,Home,7,8999,14,12
2026-08-19,SKU005,Ergonomic Office Chair,Home,8,8999,14,12
2026-08-20,SKU005,Ergonomic Office Chair,Home,8,8999,14,12
2026-08-21,SKU005,Ergonomic Office Chair,Home,10,8999,14,12
2026-08-22,SKU005,Ergonomic Office Chair,Home,9,8999,14,12
2026-08-23,SKU005,Ergonomic Office Chair,Home,8,8999,14,12
2026-08-24,SKU005,Ergonomic Office Chair,Home,9,8999,14,12
2026-08-25,SKU005,Ergonomic Office Chair,Home,7,8999,14,12
2026-08-26,SKU005,Ergonomic Office Chair,Home,10,8999,14,12
2026-08-27,SKU005,Ergonomic Office Chair,Home,8,8999,14,12
2026-08-28,SKU005,Ergonomic Office Chair,Home,10,8999,14,12
2025-08-28,SKU006,LED Desk Lamp,Home,24,1499,210,7
2025-08-29,SKU006,LED Desk Lamp,Home,30,1499,210,7
2025-08-30,SKU006,LED Desk Lamp,Home,33,1499,210,7
2025-08-31,SKU006,LED Desk Lamp,Home,23,1499,210,7
2025-09-01,SKU006,LED Desk Lamp,Home,20,1499,210,7
2025-09-02,SKU006,LED Desk Lamp,Home,23,1499,210,7
2025-09-03,SKU006,LED Desk Lamp,Home,18,1499,210,7
2025-09-04,SKU006,LED Desk Lamp,Home,22,1499,210,7
2025-09-05,SKU006,LED Desk Lamp,Home,28,1499,210,7
2025-09-06,SKU006,LED Desk Lamp,Home,28,1499,210,7
2025-09-07,SKU006,LED Desk Lamp,Home,22,1499,210,7
2025-09-08,SKU006,LED Desk Lamp,Home,16,1499,210,7
2025-09-09,SKU006,LED Desk Lamp,Home,20,1499,210,7
2025-09-10,SKU006,LED Desk Lamp,Home,22,1499,210,7
2025-09-11,SKU006,LED Desk Lamp,Home,23,1499,210,7
2025-09-12,SKU006,LED Desk Lamp,Home,24,1499,210,7
2025-09-13,SKU006,LED Desk Lamp,Home,34,1499,210,7
2025-09-14,SKU006,LED Desk Lamp,Home,19,1499,210,7
2025-09-15,SKU006,LED Desk Lamp,Home,25,1499,210,7
2025-09-16,SKU006,LED Desk Lamp,Home,23,1499,210,7
2025-09-17,SKU006,LED Desk Lamp,Home,20,1499,210,7
2025-09-18,SKU006,LED Desk Lamp,Home,28,1499,210,7
2025-09-19,SKU006,LED Desk Lamp,Home,23,1499,210,7
2025-09-20,SKU006,LED Desk Lamp,Home,33,1499,210,7
2025-09-21,SKU006,LED Desk Lamp,Home,25,1499,210,7
2025-09-22,SKU006,LED Desk Lamp,Home,20,1499,210,7
2025-09-23,SKU006,LED Desk Lamp,Home,27,1499,210,7
2025-09-24,SKU006,LED Desk Lamp,Home,21,1499,210,7
2025-09-25,SKU006,LED Desk Lamp,Home,23,1499,210,7
2025-09-26,SKU006,LED Desk Lamp,Home,30,1499,210,7
2025-09-27,SKU006,LED Desk Lamp,Home,28,1499,210,7
2025-09-28,SKU006,LED Desk Lamp,Home,25,1499,210,7
2025-09-29,SKU006,LED Desk Lamp,Home,25,1499,210,7
2025-09-30,SKU006,LED Desk Lamp,Home,16,1499,210,7
2025-10-01,SKU006,LED Desk Lamp,Home,26,1499,210,7
2025-10-02,SKU006,LED Desk Lamp,Home,17,1499,210,7
2025-10-03,SKU006,LED Desk Lamp,Home,33,1499,210,7
2025-10-04,SKU006,LED Desk Lamp,Home,33,1499,210,7
2025-10-05,SKU006,LED Desk Lamp,Home,18,1499,210,7
2025-10-06,SKU006,LED Desk Lamp,Home,21,1499,210,7
2025-10-07,SKU006,LED Desk Lamp,Home,18,1499,210,7
2025-10-08,SKU006,LED Desk Lamp,Home,21,1499,210,7
2025-10-09,SKU006,LED Desk Lamp,Home,21,1499,210,7
2025-10-10,SKU006,LED Desk Lamp,Home,32,1499,210,7
2025-10-11,SKU006,LED Desk Lamp,Home,34,1499,210,7
2025-10-12,SKU006,LED Desk Lamp,Home,27,1499,210,7
2025-10-13,SKU006,LED Desk Lamp,Home,20,1499,210,7
2025-10-14,SKU006,LED Desk Lamp,Home,21,1499,210,7
2025-10-15,SKU006,LED Desk Lamp,Home,16,1499,210,7
2025-10-16,SKU006,LED Desk Lamp,Home,19,1499,210,7
2025-10-17,SKU006,LED Desk Lamp,Home,33,1499,210,7
2025-10-18,SKU006,LED Desk Lamp,Home,36,1499,210,7
2025-10-19,SKU006,LED Desk Lamp,Home,18,1499,210,7
2025-10-20,SKU006,LED Desk Lamp,Home,20,1499,210,7
2025-10-21,SKU006,LED Desk Lamp,Home,22,1499,210,7
2025-10-22,SKU006,LED Desk Lamp,Home,23,1499,210,7
2025-10-23,SKU006,LED Desk Lamp,Home,19,1499,210,7
2025-10-24,SKU006,LED Desk Lamp,Home,30,1499,210,7
2025-10-25,SKU006,LED Desk Lamp,Home,27,1499,210,7
2025-10-26,SKU006,LED Desk Lamp,Home,22,1499,210,7
2025-10-27,SKU006,LED Desk Lamp,Home,24,1499,210,7
2025-10-28,SKU006,LED Desk Lamp,Home,22,1499,210,7
2025-10-29,SKU006,LED Desk Lamp,Home,21,1499,210,7
2025-10-30,SKU006,LED Desk Lamp,Home,22,1499,210,7
2025-10-31,SKU006,LED Desk Lamp,Home,28,1499,210,7
2025-11-01,SKU006,LED Desk Lamp,Home,38,1499,210,7
2025-11-02,SKU006,LED Desk Lamp,Home,30,1499,210,7
2025-11-03,SKU006,LED Desk Lamp,Home,38,1499,210,7
2025-11-04,SKU006,LED Desk Lamp,Home,33,1499,210,7
2025-11-05,SKU006,LED Desk Lamp,Home,29,1499,210,7
2025-11-06,SKU006,LED Desk Lamp,Home,34,1499,210,7
2025-11-07,SKU006,LED Desk Lamp,Home,38,1499,210,7
2025-11-08,SKU006,LED Desk Lamp,Home,47,1499,210,7
2025-11-09,SKU006,LED Desk Lamp,Home,33,1499,210,7
2025-11-10,SKU006,LED Desk Lamp,Home,30,1499,210,7
2025-11-11,SKU006,LED Desk Lamp,Home,33,1499,210,7
2025-11-12,SKU006,LED Desk Lamp,Home,24,1499,210,7
2025-11-13,SKU006,LED Desk Lamp,Home,26,1499,210,7
2025-11-14,SKU006,LED Desk Lamp,Home,33,1499,210,7
2025-11-15,SKU006,LED Desk Lamp,Home,41,1499,210,7
2025-11-16,SKU006,LED Desk Lamp,Home,39,1499,210,7
2025-11-17,SKU006,LED Desk Lamp,Home,41,1499,210,7
2025-11-18,SKU006,LED Desk Lamp,Home,34,1499,210,7
2025-11-19,SKU006,LED Desk Lamp,Home,33,1499,210,7
2025-11-20,SKU006,LED Desk Lamp,Home,22,1499,210,7
2025-11-21,SKU006,LED Desk Lamp,Home,37,1499,210,7
2025-11-22,SKU006,LED Desk Lamp,Home,35,1499,210,7
2025-11-23,SKU006,LED Desk Lamp,Home,28,1499,210,7
2025-11-24,SKU006,LED Desk Lamp,Home,30,1499,210,7
2025-11-25,SKU006,LED Desk Lamp,Home,29,1499,210,7
2025-11-26,SKU006,LED Desk Lamp,Home,22,1499,210,7
2025-11-27,SKU006,LED Desk Lamp,Home,34,1499,210,7
2025-11-28,SKU006,LED Desk Lamp,Home,34,1499,210,7
2025-11-29,SKU006,LED Desk Lamp,Home,41,1499,210,7
2025-11-30,SKU006,LED Desk Lamp,Home,40,1499,210,7
2025-12-01,SKU006,LED Desk Lamp,Home,27,1499,210,7
2025-12-02,SKU006,LED Desk Lamp,Home,19,1499,210,7
2025-12-03,SKU006,LED Desk Lamp,Home,29,1499,210,7
2025-12-04,SKU006,LED Desk Lamp,Home,36,1499,210,7
2025-12-05,SKU006,LED Desk Lamp,Home,52,1499,210,7
2025-12-06,SKU006,LED Desk Lamp,Home,33,1499,210,7
2025-12-07,SKU006,LED Desk Lamp,Home,33,1499,210,7
2025-12-08,SKU006,LED Desk Lamp,Home,29,1499,210,7
2025-12-09,SKU006,LED Desk Lamp,Home,30,1499,210,7
2025-12-10,SKU006,LED Desk Lamp,Home,43,1499,210,7
2025-12-11,SKU006,LED Desk Lamp,Home,24,1499,210,7
2025-12-12,SKU006,LED Desk Lamp,Home,42,1499,210,7
2025-12-13,SKU006,LED Desk Lamp,Home,43,1499,210,7
2025-12-14,SKU006,LED Desk Lamp,Home,36,1499,210,7
2025-12-15,SKU006,LED Desk Lamp,Home,31,1499,210,7
2025-12-16,SKU006,LED Desk Lamp,Home,32,1499,210,7
2025-12-17,SKU006,LED Desk Lamp,Home,29,1499,210,7
2025-12-18,SKU006,LED Desk Lamp,Home,32,1499,210,7
2025-12-19,SKU006,LED Desk Lamp,Home,38,1499,210,7
2025-12-20,SKU006,LED Desk Lamp,Home,44,1499,210,7
2025-12-21,SKU006,LED Desk Lamp,Home,29,1499,210,7
2025-12-22,SKU006,LED Desk Lamp,Home,33,1499,210,7
2025-12-23,SKU006,LED Desk Lamp,Home,31,1499,210,7
2025-12-24,SKU006,LED Desk Lamp,Home,36,1499,210,7
2025-12-25,SKU006,LED Desk Lamp,Home,31,1499,210,7
2025-12-26,SKU006,LED Desk Lamp,Home,29,1499,210,7
2025-12-27,SKU006,LED Desk Lamp,Home,48,1499,210,7
2025-12-28,SKU006,LED Desk Lamp,Home,27,1499,210,7
2025-12-29,SKU006,LED Desk Lamp,Home,28,1499,210,7
2025-12-30,SKU006,LED Desk Lamp,Home,28,1499,210,7
2025-12-31,SKU006,LED Desk Lamp,Home,37,1499,210,7
2026-01-01,SKU006,LED Desk Lamp,Home,15,1499,210,7
2026-01-02,SKU006,LED Desk Lamp,Home,42,1499,210,7
2026-01-03,SKU006,LED Desk Lamp,Home,33,1499,210,7
2026-01-04,SKU006,LED Desk Lamp,Home,23,1499,210,7
2026-01-05,SKU006,LED Desk Lamp,Home,22,1499,210,7
2026-01-06,SKU006,LED Desk Lamp,Home,23,1499,210,7
2026-01-07,SKU006,LED Desk Lamp,Home,24,1499,210,7
2026-01-08,SKU006,LED Desk Lamp,Home,24,1499,210,7
2026-01-09,SKU006,LED Desk Lamp,Home,31,1499,210,7
2026-01-10,SKU006,LED Desk Lamp,Home,29,1499,210,7
2026-01-11,SKU006,LED Desk Lamp,Home,21,1499,210,7
2026-01-12,SKU006,LED Desk Lamp,Home,22,1499,210,7
2026-01-13,SKU006,LED Desk Lamp,Home,21,1499,210,7
2026-01-14,SKU006,LED Desk Lamp,Home,26,1499,210,7
2026-01-15,SKU006,LED Desk Lamp,Home,24,1499,210,7
2026-01-16,SKU006,LED Desk Lamp,Home,16,1499,210,7
2026-01-17,SKU006,LED Desk Lamp,Home,31,1499,210,7
2026-01-18,SKU006,LED Desk Lamp,Home,23,1499,210,7
2026-01-19,SKU006,LED Desk Lamp,Home,22,1499,210,7
2026-01-20,SKU006,LED Desk Lamp,Home,21,1499,210,7
2026-01-21,SKU006,LED Desk Lamp,Home,26,1499,210,7
2026-01-22,SKU006,LED Desk Lamp,Home,25,1499,210,7
2026-01-23,SKU006,LED Desk Lamp,Home,25,1499,210,7
2026-01-24,SKU006,LED Desk Lamp,Home,30,1499,210,7
2026-01-25,SKU006,LED Desk Lamp,Home,19,1499,210,7
2026-01-26,SKU006,LED Desk Lamp,Home,17,1499,210,7
2026-01-27,SKU006,LED Desk Lamp,Home,20,1499,210,7
2026-01-28,SKU006,LED Desk Lamp,Home,25,1499,210,7
2026-01-29,SKU006,LED Desk Lamp,Home,25,1499,210,7
2026-01-30,SKU006,LED Desk Lamp,Home,31,1499,210,7
2026-01-31,SKU006,LED Desk Lamp,Home,32,1499,210,7
2026-02-01,SKU006,LED Desk Lamp,Home,24,1499,210,7
2026-02-02,SKU006,LED Desk Lamp,Home,20,1499,210,7
2026-02-03,SKU006,LED Desk Lamp,Home,23,1499,210,7
2026-02-04,SKU006,LED Desk Lamp,Home,25,1499,210,7
2026-02-05,SKU006,LED Desk Lamp,Home,24,1499,210,7
2026-02-06,SKU006,LED Desk Lamp,Home,34,1499,210,7
2026-02-07,SKU006,LED Desk Lamp,Home,32,1499,210,7
2026-02-08,SKU006,LED Desk Lamp,Home,23,1499,210,7
2026-02-09,SKU006,LED Desk Lamp,Home,26,1499,210,7
2026-02-10,SKU006,LED Desk Lamp,Home,22,1499,210,7
2026-02-11,SKU006,LED Desk Lamp,Home,19,1499,210,7
2026-02-12,SKU006,LED Desk Lamp,Home,21,1499,210,7
2026-02-13,SKU006,LED Desk Lamp,Home,25,1499,210,7
2026-02-14,SKU006,LED Desk Lamp,Home,26,1499,210,7
2026-02-15,SKU006,LED Desk Lamp,Home,22,1499,210,7
2026-02-16,SKU006,LED Desk Lamp,Home,19,1499,210,7
2026-02-17,SKU006,LED Desk Lamp,Home,21,1499,210,7
2026-02-18,SKU006,LED Desk Lamp,Home,16,1499,210,7
2026-02-19,SKU006,LED Desk Lamp,Home,23,1499,210,7
2026-02-20,SKU006,LED Desk Lamp,Home,29,1499,210,7
2026-02-21,SKU006,LED Desk Lamp,Home,25,1499,210,7
2026-02-22,SKU006,LED Desk Lamp,Home,24,1499,210,7
2026-02-23,SKU006,LED Desk Lamp,Home,25,1499,210,7
2026-02-24,SKU006,LED Desk Lamp,Home,17,1499,210,7
2026-02-25,SKU006,LED Desk Lamp,Home,19,1499,210,7
2026-02-26,SKU006,LED Desk Lamp,Home,19,1499,210,7
2026-02-27,SKU006,LED Desk Lamp,Home,25,1499,210,7
2026-02-28,SKU006,LED Desk Lamp,Home,32,1499,210,7
2026-03-01,SKU006,LED Desk Lamp,Home,21,1499,210,7
2026-03-02,SKU006,LED Desk Lamp,Home,21,1499,210,7
2026-03-03,SKU006,LED Desk Lamp,Home,15,1499,210,7
2026-03-04,SKU006,LED Desk Lamp,Home,24,1499,210,7
2026-03-05,SKU006,LED Desk Lamp,Home,18,1499,210,7
2026-03-06,SKU006,LED Desk Lamp,Home,29,1499,210,7
2026-03-07,SKU006,LED Desk Lamp,Home,30,1499,210,7
2026-03-08,SKU006,LED Desk Lamp,Home,26,1499,210,7
2026-03-09,SKU006,LED Desk Lamp,Home,18,1499,210,7
2026-03-10,SKU006,LED Desk Lamp,Home,12,1499,210,7
2026-03-11,SKU006,LED Desk Lamp,Home,23,1499,210,7
2026-03-12,SKU006,LED Desk Lamp,Home,28,1499,210,7
2026-03-13,SKU006,LED Desk Lamp,Home,34,1499,210,7
2026-03-14,SKU006,LED Desk Lamp,Home,29,1499,210,7
2026-03-15,SKU006,LED Desk Lamp,Home,20,1499,210,7
2026-03-16,SKU006,LED Desk Lamp,Home,25,1499,210,7
2026-03-17,SKU006,LED Desk Lamp,Home,19,1499,210,7
2026-03-18,SKU006,LED Desk Lamp,Home,24,1499,210,7
2026-03-19,SKU006,LED Desk Lamp,Home,24,1499,210,7
2026-03-20,SKU006,LED Desk Lamp,Home,33,1499,210,7
2026-03-21,SKU006,LED Desk Lamp,Home,40,1499,210,7
2026-03-22,SKU006,LED Desk Lamp,Home,23,1499,210,7
2026-03-23,SKU006,LED Desk Lamp,Home,20,1499,210,7
2026-03-24,SKU006,LED Desk Lamp,Home,22,1499,210,7
2026-03-25,SKU006,LED Desk Lamp,Home,16,1499,210,7
2026-03-26,SKU006,LED Desk Lamp,Home,20,1499,210,7
2026-03-27,SKU006,LED Desk Lamp,Home,27,1499,210,7
2026-03-28,SKU006,LED Desk Lamp,Home,26,1499,210,7
2026-03-29,SKU006,LED Desk Lamp,Home,23,1499,210,7
2026-03-30,SKU006,LED Desk Lamp,Home,19,1499,210,7
2026-03-31,SKU006,LED Desk Lamp,Home,26,1499,210,7
2026-04-01,SKU006,LED Desk Lamp,Home,22,1499,210,7
2026-04-02,SKU006,LED Desk Lamp,Home,22,1499,210,7
2026-04-03,SKU006,LED Desk Lamp,Home,27,1499,210,7
2026-04-04,SKU006,LED Desk Lamp,Home,29,1499,210,7
2026-04-05,SKU006,LED Desk Lamp,Home,25,1499,210,7
2026-04-06,SKU006,LED Desk Lamp,Home,19,1499,210,7
2026-04-07,SKU006,LED Desk Lamp,Home,20,1499,210,7
2026-04-08,SKU006,LED Desk Lamp,Home,21,1499,210,7
2026-04-09,SKU006,LED Desk Lamp,Home,18,1499,210,7
2026-04-10,SKU006,LED Desk Lamp,Home,25,1499,210,7
2026-04-11,SKU006,LED Desk Lamp,Home,27,1499,210,7
2026-04-12,SKU006,LED Desk Lamp,Home,25,1499,210,7
2026-04-13,SKU006,LED Desk Lamp,Home,23,1499,210,7
2026-04-14,SKU006,LED Desk Lamp,Home,23,1499,210,7
2026-04-15,SKU006,LED Desk Lamp,Home,25,1499,210,7
2026-04-16,SKU006,LED Desk Lamp,Home,22,1499,210,7
2026-04-17,SKU006,LED Desk Lamp,Home,30,1499,210,7
2026-04-18,SKU006,LED Desk Lamp,Home,28,1499,210,7
2026-04-19,SKU006,LED Desk Lamp,Home,23,1499,210,7
2026-04-20,SKU006,LED Desk Lamp,Home,20,1499,210,7
2026-04-21,SKU006,LED Desk Lamp,Home,14,1499,210,7
2026-04-22,SKU006,LED Desk Lamp,Home,22,1499,210,7
2026-04-23,SKU006,LED Desk Lamp,Home,27,1499,210,7
2026-04-24,SKU006,LED Desk Lamp,Home,33,1499,210,7
2026-04-25,SKU006,LED Desk Lamp,Home,33,1499,210,7
2026-04-26,SKU006,LED Desk Lamp,Home,26,1499,210,7
2026-04-27,SKU006,LED Desk Lamp,Home,22,1499,210,7
2026-04-28,SKU006,LED Desk Lamp,Home,23,1499,210,7
2026-04-29,SKU006,LED Desk Lamp,Home,20,1499,210,7
2026-04-30,SKU006,LED Desk Lamp,Home,21,1499,210,7
2026-05-01,SKU006,LED Desk Lamp,Home,31,1499,210,7
2026-05-02,SKU006,LED Desk Lamp,Home,34,1499,210,7
2026-05-03,SKU006,LED Desk Lamp,Home,22,1499,210,7
2026-05-04,SKU006,LED Desk Lamp,Home,21,1499,210,7
2026-05-05,SKU006,LED Desk Lamp,Home,22,1499,210,7
2026-05-06,SKU006,LED Desk Lamp,Home,24,1499,210,7
2026-05-07,SKU006,LED Desk Lamp,Home,17,1499,210,7
2026-05-08,SKU006,LED Desk Lamp,Home,19,1499,210,7
2026-05-09,SKU006,LED Desk Lamp,Home,26,1499,210,7
2026-05-10,SKU006,LED Desk Lamp,Home,18,1499,210,7
2026-05-11,SKU006,LED Desk Lamp,Home,20,1499,210,7
2026-05-12,SKU006,LED Desk Lamp,Home,22,1499,210,7
2026-05-13,SKU006,LED Desk Lamp,Home,21,1499,210,7
2026-05-14,SKU006,LED Desk Lamp,Home,27,1499,210,7
2026-05-15,SKU006,LED Desk Lamp,Home,30,1499,210,7
2026-05-16,SKU006,LED Desk Lamp,Home,30,1499,210,7
2026-05-17,SKU006,LED Desk Lamp,Home,24,1499,210,7
2026-05-18,SKU006,LED Desk Lamp,Home,18,1499,210,7
2026-05-19,SKU006,LED Desk Lamp,Home,25,1499,210,7
2026-05-20,SKU006,LED Desk Lamp,Home,22,1499,210,7
2026-05-21,SKU006,LED Desk Lamp,Home,24,1499,210,7
2026-05-22,SKU006,LED Desk Lamp,Home,24,1499,210,7
2026-05-23,SKU006,LED Desk Lamp,Home,22,1499,210,7
2026-05-24,SKU006,LED Desk Lamp,Home,25,1499,210,7
2026-05-25,SKU006,LED Desk Lamp,Home,23,1499,210,7
2026-05-26,SKU006,LED Desk Lamp,Home,19,1499,210,7
2026-05-27,SKU006,LED Desk Lamp,Home,19,1499,210,7
2026-05-28,SKU006,LED Desk Lamp,Home,26,1499,210,7
2026-05-29,SKU006,LED Desk Lamp,Home,23,1499,210,7
2026-05-30,SKU006,LED Desk Lamp,Home,36,1499,210,7
2026-05-31,SKU006,LED Desk Lamp,Home,19,1499,210,7
2026-06-01,SKU006,LED Desk Lamp,Home,24,1499,210,7
2026-06-02,SKU006,LED Desk Lamp,Home,21,1499,210,7
2026-06-03,SKU006,LED Desk Lamp,Home,24,1499,210,7
2026-06-04,SKU006,LED Desk Lamp,Home,20,1499,210,7
2026-06-05,SKU006,LED Desk Lamp,Home,28,1499,210,7
2026-06-06,SKU006,LED Desk Lamp,Home,29,1499,210,7
2026-06-07,SKU006,LED Desk Lamp,Home,19,1499,210,7
2026-06-08,SKU006,LED Desk Lamp,Home,24,1499,210,7
2026-06-09,SKU006,LED Desk Lamp,Home,20,1499,210,7
2026-06-10,SKU006,LED Desk Lamp,Home,21,1499,210,7
2026-06-11,SKU006,LED Desk Lamp,Home,19,1499,210,7
2026-06-12,SKU006,LED Desk Lamp,Home,18,1499,210,7
2026-06-13,SKU006,LED Desk Lamp,Home,28,1499,210,7
2026-06-14,SKU006,LED Desk Lamp,Home,30,1499,210,7
2026-06-15,SKU006,LED Desk Lamp,Home,25,1499,210,7
2026-06-16,SKU006,LED Desk Lamp,Home,22,1499,210,7
2026-06-17,SKU006,LED Desk Lamp,Home,21,1499,210,7
2026-06-18,SKU006,LED Desk Lamp,Home,22,1499,210,7
2026-06-19,SKU006,LED Desk Lamp,Home,31,1499,210,7
2026-06-20,SKU006,LED Desk Lamp,Home,24,1499,210,7
2026-06-21,SKU006,LED Desk Lamp,Home,26,1499,210,7
2026-06-22,SKU006,LED Desk Lamp,Home,24,1499,210,7
2026-06-23,SKU006,LED Desk Lamp,Home,24,1499,210,7
2026-06-24,SKU006,LED Desk Lamp,Home,23,1499,210,7
2026-06-25,SKU006,LED Desk Lamp,Home,22,1499,210,7
2026-06-26,SKU006,LED Desk Lamp,Home,31,1499,210,7
2026-06-27,SKU006,LED Desk Lamp,Home,31,1499,210,7
2026-06-28,SKU006,LED Desk Lamp,Home,21,1499,210,7
2026-06-29,SKU006,LED Desk Lamp,Home,20,1499,210,7
2026-06-30,SKU006,LED Desk Lamp,Home,22,1499,210,7
2026-07-01,SKU006,LED Desk Lamp,Home,27,1499,210,7
2026-07-02,SKU006,LED Desk Lamp,Home,18,1499,210,7
2026-07-03,SKU006,LED Desk Lamp,Home,22,1499,210,7
2026-07-04,SKU006,LED Desk Lamp,Home,29,1499,210,7
2026-07-05,SKU006,LED Desk Lamp,Home,22,1499,210,7
2026-07-06,SKU006,LED Desk Lamp,Home,23,1499,210,7
2026-07-07,SKU006,LED Desk Lamp,Home,23,1499,210,7
2026-07-08,SKU006,LED Desk Lamp,Home,21,1499,210,7
2026-07-09,SKU006,LED Desk Lamp,Home,27,1499,210,7
2026-07-10,SKU006,LED Desk Lamp,Home,22,1499,210,7
2026-07-11,SKU006,LED Desk Lamp,Home,25,1499,210,7
2026-07-12,SKU006,LED Desk Lamp,Home,22,1499,210,7
2026-07-13,SKU006,LED Desk Lamp,Home,17,1499,210,7
2026-07-14,SKU006,LED Desk Lamp,Home,21,1499,210,7
2026-07-15,SKU006,LED Desk Lamp,Home,27,1499,210,7
2026-07-16,SKU006,LED Desk Lamp,Home,22,1499,210,7
2026-07-17,SKU006,LED Desk Lamp,Home,30,1499,210,7
2026-07-18,SKU006,LED Desk Lamp,Home,23,1499,210,7
2026-07-19,SKU006,LED Desk Lamp,Home,20,1499,210,7
2026-07-20,SKU006,LED Desk Lamp,Home,21,1499,210,7
2026-07-21,SKU006,LED Desk Lamp,Home,21,1499,210,7
2026-07-22,SKU006,LED Desk Lamp,Home,26,1499,210,7
2026-07-23,SKU006,LED Desk Lamp,Home,24,1499,210,7
2026-07-24,SKU006,LED Desk Lamp,Home,24,1499,210,7
2026-07-25,SKU006,LED Desk Lamp,Home,30,1499,210,7
2026-07-26,SKU006,LED Desk Lamp,Home,24,1499,210,7
2026-07-27,SKU006,LED Desk Lamp,Home,26,1499,210,7
2026-07-28,SKU006,LED Desk Lamp,Home,27,1499,210,7
2026-07-29,SKU006,LED Desk Lamp,Home,19,1499,210,7
2026-07-30,SKU006,LED Desk Lamp,Home,19,1499,210,7
2026-07-31,SKU006,LED Desk Lamp,Home,23,1499,210,7
2026-08-01,SKU006,LED Desk Lamp,Home,28,1499,210,7
2026-08-02,SKU006,LED Desk Lamp,Home,24,1499,210,7
2026-08-03,SKU006,LED Desk Lamp,Home,25,1499,210,7
2026-08-04,SKU006,LED Desk Lamp,Home,22,1499,210,7
2026-08-05,SKU006,LED Desk Lamp,Home,21,1499,210,7
2026-08-06,SKU006,LED Desk Lamp,Home,23,1499,210,7
2026-08-07,SKU006,LED Desk Lamp,Home,25,1499,210,7
2026-08-08,SKU006,LED Desk Lamp,Home,38,1499,210,7
2026-08-09,SKU006,LED Desk Lamp,Home,17,1499,210,7
2026-08-10,SKU006,LED Desk Lamp,Home,23,1499,210,7
2026-08-11,SKU006,LED Desk Lamp,Home,29,1499,210,7
2026-08-12,SKU006,LED Desk Lamp,Home,22,1499,210,7
2026-08-13,SKU006,LED Desk Lamp,Home,21,1499,210,7
2026-08-14,SKU006,LED Desk Lamp,Home,27,1499,210,7
2026-08-15,SKU006,LED Desk Lamp,Home,28,1499,210,7
2026-08-16,SKU006,LED Desk Lamp,Home,27,1499,210,7
2026-08-17,SKU006,LED Desk Lamp,Home,15,1499,210,7
2026-08-18,SKU006,LED Desk Lamp,Home,27,1499,210,7
2026-08-19,SKU006,LED Desk Lamp,Home,17,1499,210,7
2026-08-20,SKU006,LED Desk Lamp,Home,21,1499,210,7
2026-08-21,SKU006,LED Desk Lamp,Home,27,1499,210,7
2026-08-22,SKU006,LED Desk Lamp,Home,31,1499,210,7
2026-08-23,SKU006,LED Desk Lamp,Home,17,1499,210,7
2026-08-24,SKU006,LED Desk Lamp,Home,24,1499,210,7
2026-08-25,SKU006,LED Desk Lamp,Home,29,1499,210,7
2026-08-26,SKU006,LED Desk Lamp,Home,18,1499,210,7
2026-08-27,SKU006,LED Desk Lamp,Home,23,1499,210,7
2026-08-28,SKU006,LED Desk Lamp,Home,26,1499,210,7
2025-08-28,SKU007,Cotton Graphic T-Shirt,Apparel,48,499,80,5
2025-08-29,SKU007,Cotton Graphic T-Shirt,Apparel,59,499,80,5
2025-08-30,SKU007,Cotton Graphic T-Shirt,Apparel,53,499,80,5
2025-08-31,SKU007,Cotton Graphic T-Shirt,Apparel,48,499,80,5
2025-09-01,SKU007,Cotton Graphic T-Shirt,Apparel,57,499,80,5
2025-09-02,SKU007,Cotton Graphic T-Shirt,Apparel,44,499,80,5
2025-09-03,SKU007,Cotton Graphic T-Shirt,Apparel,50,499,80,5
2025-09-04,SKU007,Cotton Graphic T-Shirt,Apparel,36,499,80,5
2025-09-05,SKU007,Cotton Graphic T-Shirt,Apparel,50,499,80,5
2025-09-06,SKU007,Cotton Graphic T-Shirt,Apparel,63,499,80,5
2025-09-07,SKU007,Cotton Graphic T-Shirt,Apparel,55,499,80,5
2025-09-08,SKU007,Cotton Graphic T-Shirt,Apparel,47,499,80,5
2025-09-09,SKU007,Cotton Graphic T-Shirt,Apparel,43,499,80,5
2025-09-10,SKU007,Cotton Graphic T-Shirt,Apparel,45,499,80,5
2025-09-11,SKU007,Cotton Graphic T-Shirt,Apparel,37,499,80,5
2025-09-12,SKU007,Cotton Graphic T-Shirt,Apparel,64,499,80,5
2025-09-13,SKU007,Cotton Graphic T-Shirt,Apparel,66,499,80,5
2025-09-14,SKU007,Cotton Graphic T-Shirt,Apparel,42,499,80,5
2025-09-15,SKU007,Cotton Graphic T-Shirt,Apparel,42,499,80,5
2025-09-16,SKU007,Cotton Graphic T-Shirt,Apparel,47,499,80,5
2025-09-17,SKU007,Cotton Graphic T-Shirt,Apparel,42,499,80,5
2025-09-18,SKU007,Cotton Graphic T-Shirt,Apparel,45,499,80,5
2025-09-19,SKU007,Cotton Graphic T-Shirt,Apparel,77,499,80,5
2025-09-20,SKU007,Cotton Graphic T-Shirt,Apparel,56,499,80,5
2025-09-21,SKU007,Cotton Graphic T-Shirt,Apparel,43,499,80,5
2025-09-22,SKU007,Cotton Graphic T-Shirt,Apparel,41,499,80,5
2025-09-23,SKU007,Cotton Graphic T-Shirt,Apparel,50,499,80,5
2025-09-24,SKU007,Cotton Graphic T-Shirt,Apparel,44,499,80,5
2025-09-25,SKU007,Cotton Graphic T-Shirt,Apparel,41,499,80,5
2025-09-26,SKU007,Cotton Graphic T-Shirt,Apparel,70,499,80,5
2025-09-27,SKU007,Cotton Graphic T-Shirt,Apparel,71,499,80,5
2025-09-28,SKU007,Cotton Graphic T-Shirt,Apparel,41,499,80,5
2025-09-29,SKU007,Cotton Graphic T-Shirt,Apparel,32,499,80,5
2025-09-30,SKU007,Cotton Graphic T-Shirt,Apparel,52,499,80,5
2025-10-01,SKU007,Cotton Graphic T-Shirt,Apparel,40,499,80,5
2025-10-02,SKU007,Cotton Graphic T-Shirt,Apparel,50,499,80,5
2025-10-03,SKU007,Cotton Graphic T-Shirt,Apparel,41,499,80,5
2025-10-04,SKU007,Cotton Graphic T-Shirt,Apparel,66,499,80,5
2025-10-05,SKU007,Cotton Graphic T-Shirt,Apparel,37,499,80,5
2025-10-06,SKU007,Cotton Graphic T-Shirt,Apparel,50,499,80,5
2025-10-07,SKU007,Cotton Graphic T-Shirt,Apparel,45,499,80,5
2025-10-08,SKU007,Cotton Graphic T-Shirt,Apparel,39,499,80,5
2025-10-09,SKU007,Cotton Graphic T-Shirt,Apparel,42,499,80,5
2025-10-10,SKU007,Cotton Graphic T-Shirt,Apparel,65,499,80,5
2025-10-11,SKU007,Cotton Graphic T-Shirt,Apparel,59,499,80,5
2025-10-12,SKU007,Cotton Graphic T-Shirt,Apparel,49,499,80,5
2025-10-13,SKU007,Cotton Graphic T-Shirt,Apparel,58,499,80,5
2025-10-14,SKU007,Cotton Graphic T-Shirt,Apparel,34,499,80,5
2025-10-15,SKU007,Cotton Graphic T-Shirt,Apparel,56,499,80,5
2025-10-16,SKU007,Cotton Graphic T-Shirt,Apparel,46,499,80,5
2025-10-17,SKU007,Cotton Graphic T-Shirt,Apparel,51,499,80,5
2025-10-18,SKU007,Cotton Graphic T-Shirt,Apparel,47,499,80,5
2025-10-19,SKU007,Cotton Graphic T-Shirt,Apparel,44,499,80,5
2025-10-20,SKU007,Cotton Graphic T-Shirt,Apparel,51,499,80,5
2025-10-21,SKU007,Cotton Graphic T-Shirt,Apparel,44,499,80,5
2025-10-22,SKU007,Cotton Graphic T-Shirt,Apparel,55,499,80,5
2025-10-23,SKU007,Cotton Graphic T-Shirt,Apparel,35,499,80,5
2025-10-24,SKU007,Cotton Graphic T-Shirt,Apparel,58,499,80,5
2025-10-25,SKU007,Cotton Graphic T-Shirt,Apparel,48,499,80,5
2025-10-26,SKU007,Cotton Graphic T-Shirt,Apparel,47,499,80,5
2025-10-27,SKU007,Cotton Graphic T-Shirt,Apparel,51,499,80,5
2025-10-28,SKU007,Cotton Graphic T-Shirt,Apparel,42,499,80,5
2025-10-29,SKU007,Cotton Graphic T-Shirt,Apparel,27,499,80,5
2025-10-30,SKU007,Cotton Graphic T-Shirt,Apparel,46,499,80,5
2025-10-31,SKU007,Cotton Graphic T-Shirt,Apparel,62,499,80,5
2025-11-01,SKU007,Cotton Graphic T-Shirt,Apparel,87,499,80,5
2025-11-02,SKU007,Cotton Graphic T-Shirt,Apparel,75,499,80,5
2025-11-03,SKU007,Cotton Graphic T-Shirt,Apparel,53,499,80,5
2025-11-04,SKU007,Cotton Graphic T-Shirt,Apparel,69,499,80,5
2025-11-05,SKU007,Cotton Graphic T-Shirt,Apparel,74,499,80,5
2025-11-06,SKU007,Cotton Graphic T-Shirt,Apparel,46,499,80,5
2025-11-07,SKU007,Cotton Graphic T-Shirt,Apparel,86,499,80,5
2025-11-08,SKU007,Cotton Graphic T-Shirt,Apparel,76,499,80,5
2025-11-09,SKU007,Cotton Graphic T-Shirt,Apparel,62,499,80,5
2025-11-10,SKU007,Cotton Graphic T-Shirt,Apparel,66,499,80,5
2025-11-11,SKU007,Cotton Graphic T-Shirt,Apparel,58,499,80,5
2025-11-12,SKU007,Cotton Graphic T-Shirt,Apparel,57,499,80,5
2025-11-13,SKU007,Cotton Graphic T-Shirt,Apparel,63,499,80,5
2025-11-14,SKU007,Cotton Graphic T-Shirt,Apparel,69,499,80,5
2025-11-15,SKU007,Cotton Graphic T-Shirt,Apparel,69,499,80,5
2025-11-16,SKU007,Cotton Graphic T-Shirt,Apparel,69,499,80,5
2025-11-17,SKU007,Cotton Graphic T-Shirt,Apparel,52,499,80,5
2025-11-18,SKU007,Cotton Graphic T-Shirt,Apparel,69,499,80,5
2025-11-19,SKU007,Cotton Graphic T-Shirt,Apparel,67,499,80,5
2025-11-20,SKU007,Cotton Graphic T-Shirt,Apparel,47,499,80,5
2025-11-21,SKU007,Cotton Graphic T-Shirt,Apparel,74,499,80,5
2025-11-22,SKU007,Cotton Graphic T-Shirt,Apparel,97,499,80,5
2025-11-23,SKU007,Cotton Graphic T-Shirt,Apparel,54,499,80,5
2025-11-24,SKU007,Cotton Graphic T-Shirt,Apparel,59,499,80,5
2025-11-25,SKU007,Cotton Graphic T-Shirt,Apparel,67,499,80,5
2025-11-26,SKU007,Cotton Graphic T-Shirt,Apparel,70,499,80,5
2025-11-27,SKU007,Cotton Graphic T-Shirt,Apparel,61,499,80,5
2025-11-28,SKU007,Cotton Graphic T-Shirt,Apparel,75,499,80,5
2025-11-29,SKU007,Cotton Graphic T-Shirt,Apparel,99,499,80,5
2025-11-30,SKU007,Cotton Graphic T-Shirt,Apparel,79,499,80,5
2025-12-01,SKU007,Cotton Graphic T-Shirt,Apparel,72,499,80,5
2025-12-02,SKU007,Cotton Graphic T-Shirt,Apparel,64,499,80,5
2025-12-03,SKU007,Cotton Graphic T-Shirt,Apparel,55,499,80,5
2025-12-04,SKU007,Cotton Graphic T-Shirt,Apparel,55,499,80,5
2025-12-05,SKU007,Cotton Graphic T-Shirt,Apparel,88,499,80,5
2025-12-06,SKU007,Cotton Graphic T-Shirt,Apparel,87,499,80,5
2025-12-07,SKU007,Cotton Graphic T-Shirt,Apparel,76,499,80,5
2025-12-08,SKU007,Cotton Graphic T-Shirt,Apparel,69,499,80,5
2025-12-09,SKU007,Cotton Graphic T-Shirt,Apparel,49,499,80,5
2025-12-10,SKU007,Cotton Graphic T-Shirt,Apparel,73,499,80,5
2025-12-11,SKU007,Cotton Graphic T-Shirt,Apparel,54,499,80,5
2025-12-12,SKU007,Cotton Graphic T-Shirt,Apparel,77,499,80,5
2025-12-13,SKU007,Cotton Graphic T-Shirt,Apparel,85,499,80,5
2025-12-14,SKU007,Cotton Graphic T-Shirt,Apparel,82,499,80,5
2025-12-15,SKU007,Cotton Graphic T-Shirt,Apparel,92,499,80,5
2025-12-16,SKU007,Cotton Graphic T-Shirt,Apparel,69,499,80,5
2025-12-17,SKU007,Cotton Graphic T-Shirt,Apparel,61,499,80,5
2025-12-18,SKU007,Cotton Graphic T-Shirt,Apparel,68,499,80,5
2025-12-19,SKU007,Cotton Graphic T-Shirt,Apparel,93,499,80,5
2025-12-20,SKU007,Cotton Graphic T-Shirt,Apparel,78,499,80,5
2025-12-21,SKU007,Cotton Graphic T-Shirt,Apparel,80,499,80,5
2025-12-22,SKU007,Cotton Graphic T-Shirt,Apparel,65,499,80,5
2025-12-23,SKU007,Cotton Graphic T-Shirt,Apparel,68,499,80,5
2025-12-24,SKU007,Cotton Graphic T-Shirt,Apparel,69,499,80,5
2025-12-25,SKU007,Cotton Graphic T-Shirt,Apparel,67,499,80,5
2025-12-26,SKU007,Cotton Graphic T-Shirt,Apparel,92,499,80,5
2025-12-27,SKU007,Cotton Graphic T-Shirt,Apparel,74,499,80,5
2025-12-28,SKU007,Cotton Graphic T-Shirt,Apparel,58,499,80,5
2025-12-29,SKU007,Cotton Graphic T-Shirt,Apparel,53,499,80,5
2025-12-30,SKU007,Cotton Graphic T-Shirt,Apparel,67,499,80,5
2025-12-31,SKU007,Cotton Graphic T-Shirt,Apparel,70,499,80,5
2026-01-01,SKU007,Cotton Graphic T-Shirt,Apparel,48,499,80,5
2026-01-02,SKU007,Cotton Graphic T-Shirt,Apparel,73,499,80,5
2026-01-03,SKU007,Cotton Graphic T-Shirt,Apparel,58,499,80,5
2026-01-04,SKU007,Cotton Graphic T-Shirt,Apparel,50,499,80,5
2026-01-05,SKU007,Cotton Graphic T-Shirt,Apparel,38,499,80,5
2026-01-06,SKU007,Cotton Graphic T-Shirt,Apparel,42,499,80,5
2026-01-07,SKU007,Cotton Graphic T-Shirt,Apparel,50,499,80,5
2026-01-08,SKU007,Cotton Graphic T-Shirt,Apparel,51,499,80,5
2026-01-09,SKU007,Cotton Graphic T-Shirt,Apparel,56,499,80,5
2026-01-10,SKU007,Cotton Graphic T-Shirt,Apparel,58,499,80,5
2026-01-11,SKU007,Cotton Graphic T-Shirt,Apparel,35,499,80,5
2026-01-12,SKU007,Cotton Graphic T-Shirt,Apparel,43,499,80,5
2026-01-13,SKU007,Cotton Graphic T-Shirt,Apparel,51,499,80,5
2026-01-14,SKU007,Cotton Graphic T-Shirt,Apparel,49,499,80,5
2026-01-15,SKU007,Cotton Graphic T-Shirt,Apparel,48,499,80,5
2026-01-16,SKU007,Cotton Graphic T-Shirt,Apparel,59,499,80,5
2026-01-17,SKU007,Cotton Graphic T-Shirt,Apparel,59,499,80,5
2026-01-18,SKU007,Cotton Graphic T-Shirt,Apparel,41,499,80,5
2026-01-19,SKU007,Cotton Graphic T-Shirt,Apparel,50,499,80,5
2026-01-20,SKU007,Cotton Graphic T-Shirt,Apparel,48,499,80,5
2026-01-21,SKU007,Cotton Graphic T-Shirt,Apparel,48,499,80,5
2026-01-22,SKU007,Cotton Graphic T-Shirt,Apparel,41,499,80,5
2026-01-23,SKU007,Cotton Graphic T-Shirt,Apparel,40,499,80,5
2026-01-24,SKU007,Cotton Graphic T-Shirt,Apparel,68,499,80,5
2026-01-25,SKU007,Cotton Graphic T-Shirt,Apparel,42,499,80,5
2026-01-26,SKU007,Cotton Graphic T-Shirt,Apparel,39,499,80,5
2026-01-27,SKU007,Cotton Graphic T-Shirt,Apparel,50,499,80,5
2026-01-28,SKU007,Cotton Graphic T-Shirt,Apparel,42,499,80,5
2026-01-29,SKU007,Cotton Graphic T-Shirt,Apparel,52,499,80,5
2026-01-30,SKU007,Cotton Graphic T-Shirt,Apparel,64,499,80,5
2026-01-31,SKU007,Cotton Graphic T-Shirt,Apparel,64,499,80,5
2026-02-01,SKU007,Cotton Graphic T-Shirt,Apparel,36,499,80,5
2026-02-02,SKU007,Cotton Graphic T-Shirt,Apparel,53,499,80,5
2026-02-03,SKU007,Cotton Graphic T-Shirt,Apparel,47,499,80,5
2026-02-04,SKU007,Cotton Graphic T-Shirt,Apparel,43,499,80,5
2026-02-05,SKU007,Cotton Graphic T-Shirt,Apparel,46,499,80,5
2026-02-06,SKU007,Cotton Graphic T-Shirt,Apparel,43,499,80,5
2026-02-07,SKU007,Cotton Graphic T-Shirt,Apparel,62,499,80,5
2026-02-08,SKU007,Cotton Graphic T-Shirt,Apparel,38,499,80,5
2026-02-09,SKU007,Cotton Graphic T-Shirt,Apparel,36,499,80,5
2026-02-10,SKU007,Cotton Graphic T-Shirt,Apparel,35,499,80,5
2026-02-11,SKU007,Cotton Graphic T-Shirt,Apparel,53,499,80,5
2026-02-12,SKU007,Cotton Graphic T-Shirt,Apparel,41,499,80,5
2026-02-13,SKU007,Cotton Graphic T-Shirt,Apparel,72,499,80,5
2026-02-14,SKU007,Cotton Graphic T-Shirt,Apparel,54,499,80,5
2026-02-15,SKU007,Cotton Graphic T-Shirt,Apparel,33,499,80,5
2026-02-16,SKU007,Cotton Graphic T-Shirt,Apparel,37,499,80,5
2026-02-17,SKU007,Cotton Graphic T-Shirt,Apparel,53,499,80,5
2026-02-18,SKU007,Cotton Graphic T-Shirt,Apparel,44,499,80,5
2026-02-19,SKU007,Cotton Graphic T-Shirt,Apparel,41,499,80,5
2026-02-20,SKU007,Cotton Graphic T-Shirt,Apparel,60,499,80,5
2026-02-21,SKU007,Cotton Graphic T-Shirt,Apparel,63,499,80,5
2026-02-22,SKU007,Cotton Graphic T-Shirt,Apparel,53,499,80,5
2026-02-23,SKU007,Cotton Graphic T-Shirt,Apparel,55,499,80,5
2026-02-24,SKU007,Cotton Graphic T-Shirt,Apparel,43,499,80,5
2026-02-25,SKU007,Cotton Graphic T-Shirt,Apparel,36,499,80,5
2026-02-26,SKU007,Cotton Graphic T-Shirt,Apparel,42,499,80,5
2026-02-27,SKU007,Cotton Graphic T-Shirt,Apparel,61,499,80,5
2026-02-28,SKU007,Cotton Graphic T-Shirt,Apparel,50,499,80,5
2026-03-01,SKU007,Cotton Graphic T-Shirt,Apparel,39,499,80,5
2026-03-02,SKU007,Cotton Graphic T-Shirt,Apparel,47,499,80,5
2026-03-03,SKU007,Cotton Graphic T-Shirt,Apparel,45,499,80,5
2026-03-04,SKU007,Cotton Graphic T-Shirt,Apparel,45,499,80,5
2026-03-05,SKU007,Cotton Graphic T-Shirt,Apparel,40,499,80,5
2026-03-06,SKU007,Cotton Graphic T-Shirt,Apparel,56,499,80,5
2026-03-07,SKU007,Cotton Graphic T-Shirt,Apparel,50,499,80,5
2026-03-08,SKU007,Cotton Graphic T-Shirt,Apparel,51,499,80,5
2026-03-09,SKU007,Cotton Graphic T-Shirt,Apparel,52,499,80,5
2026-03-10,SKU007,Cotton Graphic T-Shirt,Apparel,33,499,80,5
2026-03-11,SKU007,Cotton Graphic T-Shirt,Apparel,39,499,80,5
2026-03-12,SKU007,Cotton Graphic T-Shirt,Apparel,35,499,80,5
2026-03-13,SKU007,Cotton Graphic T-Shirt,Apparel,53,499,80,5
2026-03-14,SKU007,Cotton Graphic T-Shirt,Apparel,58,499,80,5
2026-03-15,SKU007,Cotton Graphic T-Shirt,Apparel,35,499,80,5
2026-03-16,SKU007,Cotton Graphic T-Shirt,Apparel,39,499,80,5
2026-03-17,SKU007,Cotton Graphic T-Shirt,Apparel,38,499,80,5
2026-03-18,SKU007,Cotton Graphic T-Shirt,Apparel,46,499,80,5
2026-03-19,SKU007,Cotton Graphic T-Shirt,Apparel,45,499,80,5
2026-03-20,SKU007,Cotton Graphic T-Shirt,Apparel,52,499,80,5
2026-03-21,SKU007,Cotton Graphic T-Shirt,Apparel,60,499,80,5
2026-03-22,SKU007,Cotton Graphic T-Shirt,Apparel,41,499,80,5
2026-03-23,SKU007,Cotton Graphic T-Shirt,Apparel,43,499,80,5
2026-03-24,SKU007,Cotton Graphic T-Shirt,Apparel,56,499,80,5
2026-03-25,SKU007,Cotton Graphic T-Shirt,Apparel,54,499,80,5
2026-03-26,SKU007,Cotton Graphic T-Shirt,Apparel,36,499,80,5
2026-03-27,SKU007,Cotton Graphic T-Shirt,Apparel,66,499,80,5
2026-03-28,SKU007,Cotton Graphic T-Shirt,Apparel,66,499,80,5
2026-03-29,SKU007,Cotton Graphic T-Shirt,Apparel,37,499,80,5
2026-03-30,SKU007,Cotton Graphic T-Shirt,Apparel,51,499,80,5
2026-03-31,SKU007,Cotton Graphic T-Shirt,Apparel,55,499,80,5
2026-04-01,SKU007,Cotton Graphic T-Shirt,Apparel,37,499,80,5
2026-04-02,SKU007,Cotton Graphic T-Shirt,Apparel,39,499,80,5
2026-04-03,SKU007,Cotton Graphic T-Shirt,Apparel,67,499,80,5
2026-04-04,SKU007,Cotton Graphic T-Shirt,Apparel,61,499,80,5
2026-04-05,SKU007,Cotton Graphic T-Shirt,Apparel,49,499,80,5
2026-04-06,SKU007,Cotton Graphic T-Shirt,Apparel,47,499,80,5
2026-04-07,SKU007,Cotton Graphic T-Shirt,Apparel,48,499,80,5
2026-04-08,SKU007,Cotton Graphic T-Shirt,Apparel,36,499,80,5
2026-04-09,SKU007,Cotton Graphic T-Shirt,Apparel,52,499,80,5
2026-04-10,SKU007,Cotton Graphic T-Shirt,Apparel,69,499,80,5
2026-04-11,SKU007,Cotton Graphic T-Shirt,Apparel,56,499,80,5
2026-04-12,SKU007,Cotton Graphic T-Shirt,Apparel,45,499,80,5
2026-04-13,SKU007,Cotton Graphic T-Shirt,Apparel,35,499,80,5
2026-04-14,SKU007,Cotton Graphic T-Shirt,Apparel,48,499,80,5
2026-04-15,SKU007,Cotton Graphic T-Shirt,Apparel,49,499,80,5
2026-04-16,SKU007,Cotton Graphic T-Shirt,Apparel,45,499,80,5
2026-04-17,SKU007,Cotton Graphic T-Shirt,Apparel,68,499,80,5
2026-04-18,SKU007,Cotton Graphic T-Shirt,Apparel,56,499,80,5
2026-04-19,SKU007,Cotton Graphic T-Shirt,Apparel,49,499,80,5
2026-04-20,SKU007,Cotton Graphic T-Shirt,Apparel,38,499,80,5
2026-04-21,SKU007,Cotton Graphic T-Shirt,Apparel,45,499,80,5
2026-04-22,SKU007,Cotton Graphic T-Shirt,Apparel,44,499,80,5
2026-04-23,SKU007,Cotton Graphic T-Shirt,Apparel,47,499,80,5
2026-04-24,SKU007,Cotton Graphic T-Shirt,Apparel,55,499,80,5
2026-04-25,SKU007,Cotton Graphic T-Shirt,Apparel,57,499,80,5
2026-04-26,SKU007,Cotton Graphic T-Shirt,Apparel,51,499,80,5
2026-04-27,SKU007,Cotton Graphic T-Shirt,Apparel,42,499,80,5
2026-04-28,SKU007,Cotton Graphic T-Shirt,Apparel,34,499,80,5
2026-04-29,SKU007,Cotton Graphic T-Shirt,Apparel,57,499,80,5
2026-04-30,SKU007,Cotton Graphic T-Shirt,Apparel,54,499,80,5
2026-05-01,SKU007,Cotton Graphic T-Shirt,Apparel,47,499,80,5
2026-05-02,SKU007,Cotton Graphic T-Shirt,Apparel,65,499,80,5
2026-05-03,SKU007,Cotton Graphic T-Shirt,Apparel,42,499,80,5
2026-05-04,SKU007,Cotton Graphic T-Shirt,Apparel,47,499,80,5
2026-05-05,SKU007,Cotton Graphic T-Shirt,Apparel,47,499,80,5
2026-05-06,SKU007,Cotton Graphic T-Shirt,Apparel,43,499,80,5
2026-05-07,SKU007,Cotton Graphic T-Shirt,Apparel,40,499,80,5
2026-05-08,SKU007,Cotton Graphic T-Shirt,Apparel,52,499,80,5
2026-05-09,SKU007,Cotton Graphic T-Shirt,Apparel,50,499,80,5
2026-05-10,SKU007,Cotton Graphic T-Shirt,Apparel,39,499,80,5
2026-05-11,SKU007,Cotton Graphic T-Shirt,Apparel,45,499,80,5
2026-05-12,SKU007,Cotton Graphic T-Shirt,Apparel,40,499,80,5
2026-05-13,SKU007,Cotton Graphic T-Shirt,Apparel,50,499,80,5
2026-05-14,SKU007,Cotton Graphic T-Shirt,Apparel,55,499,80,5
2026-05-15,SKU007,Cotton Graphic T-Shirt,Apparel,53,499,80,5
2026-05-16,SKU007,Cotton Graphic T-Shirt,Apparel,61,499,80,5
2026-05-17,SKU007,Cotton Graphic T-Shirt,Apparel,48,499,80,5
2026-05-18,SKU007,Cotton Graphic T-Shirt,Apparel,48,499,80,5
2026-05-19,SKU007,Cotton Graphic T-Shirt,Apparel,46,499,80,5
2026-05-20,SKU007,Cotton Graphic T-Shirt,Apparel,50,499,80,5
2026-05-21,SKU007,Cotton Graphic T-Shirt,Apparel,48,499,80,5
2026-05-22,SKU007,Cotton Graphic T-Shirt,Apparel,48,499,80,5
2026-05-23,SKU007,Cotton Graphic T-Shirt,Apparel,66,499,80,5
2026-05-24,SKU007,Cotton Graphic T-Shirt,Apparel,51,499,80,5
2026-05-25,SKU007,Cotton Graphic T-Shirt,Apparel,40,499,80,5
2026-05-26,SKU007,Cotton Graphic T-Shirt,Apparel,45,499,80,5
2026-05-27,SKU007,Cotton Graphic T-Shirt,Apparel,50,499,80,5
2026-05-28,SKU007,Cotton Graphic T-Shirt,Apparel,44,499,80,5
2026-05-29,SKU007,Cotton Graphic T-Shirt,Apparel,68,499,80,5
2026-05-30,SKU007,Cotton Graphic T-Shirt,Apparel,79,499,80,5
2026-05-31,SKU007,Cotton Graphic T-Shirt,Apparel,40,499,80,5
2026-06-01,SKU007,Cotton Graphic T-Shirt,Apparel,36,499,80,5
2026-06-02,SKU007,Cotton Graphic T-Shirt,Apparel,47,499,80,5
2026-06-03,SKU007,Cotton Graphic T-Shirt,Apparel,50,499,80,5
2026-06-04,SKU007,Cotton Graphic T-Shirt,Apparel,43,499,80,5
2026-06-05,SKU007,Cotton Graphic T-Shirt,Apparel,71,499,80,5
2026-06-06,SKU007,Cotton Graphic T-Shirt,Apparel,47,499,80,5
2026-06-07,SKU007,Cotton Graphic T-Shirt,Apparel,50,499,80,5
2026-06-08,SKU007,Cotton Graphic T-Shirt,Apparel,41,499,80,5
2026-06-09,SKU007,Cotton Graphic T-Shirt,Apparel,57,499,80,5
2026-06-10,SKU007,Cotton Graphic T-Shirt,Apparel,58,499,80,5
2026-06-11,SKU007,Cotton Graphic T-Shirt,Apparel,40,499,80,5
2026-06-12,SKU007,Cotton Graphic T-Shirt,Apparel,54,499,80,5
2026-06-13,SKU007,Cotton Graphic T-Shirt,Apparel,66,499,80,5
2026-06-14,SKU007,Cotton Graphic T-Shirt,Apparel,42,499,80,5
2026-06-15,SKU007,Cotton Graphic T-Shirt,Apparel,45,499,80,5
2026-06-16,SKU007,Cotton Graphic T-Shirt,Apparel,45,499,80,5
2026-06-17,SKU007,Cotton Graphic T-Shirt,Apparel,32,499,80,5
2026-06-18,SKU007,Cotton Graphic T-Shirt,Apparel,45,499,80,5
2026-06-19,SKU007,Cotton Graphic T-Shirt,Apparel,52,499,80,5
2026-06-20,SKU007,Cotton Graphic T-Shirt,Apparel,54,499,80,5
2026-06-21,SKU007,Cotton Graphic T-Shirt,Apparel,55,499,80,5
2026-06-22,SKU007,Cotton Graphic T-Shirt,Apparel,37,499,80,5
2026-06-23,SKU007,Cotton Graphic T-Shirt,Apparel,50,499,80,5
2026-06-24,SKU007,Cotton Graphic T-Shirt,Apparel,43,499,80,5
2026-06-25,SKU007,Cotton Graphic T-Shirt,Apparel,43,499,80,5
2026-06-26,SKU007,Cotton Graphic T-Shirt,Apparel,65,499,80,5
2026-06-27,SKU007,Cotton Graphic T-Shirt,Apparel,61,499,80,5
2026-06-28,SKU007,Cotton Graphic T-Shirt,Apparel,49,499,80,5
2026-06-29,SKU007,Cotton Graphic T-Shirt,Apparel,52,499,80,5
2026-06-30,SKU007,Cotton Graphic T-Shirt,Apparel,43,499,80,5
2026-07-01,SKU007,Cotton Graphic T-Shirt,Apparel,41,499,80,5
2026-07-02,SKU007,Cotton Graphic T-Shirt,Apparel,38,499,80,5
2026-07-03,SKU007,Cotton Graphic T-Shirt,Apparel,51,499,80,5
2026-07-04,SKU007,Cotton Graphic T-Shirt,Apparel,84,499,80,5
2026-07-05,SKU007,Cotton Graphic T-Shirt,Apparel,53,499,80,5
2026-07-06,SKU007,Cotton Graphic T-Shirt,Apparel,36,499,80,5
2026-07-07,SKU007,Cotton Graphic T-Shirt,Apparel,36,499,80,5
2026-07-08,SKU007,Cotton Graphic T-Shirt,Apparel,48,499,80,5
2026-07-09,SKU007,Cotton Graphic T-Shirt,Apparel,49,499,80,5
2026-07-10,SKU007,Cotton Graphic T-Shirt,Apparel,63,499,80,5
2026-07-11,SKU007,Cotton Graphic T-Shirt,Apparel,56,499,80,5
2026-07-12,SKU007,Cotton Graphic T-Shirt,Apparel,44,499,80,5
2026-07-13,SKU007,Cotton Graphic T-Shirt,Apparel,47,499,80,5
2026-07-14,SKU007,Cotton Graphic T-Shirt,Apparel,46,499,80,5
2026-07-15,SKU007,Cotton Graphic T-Shirt,Apparel,30,499,80,5
2026-07-16,SKU007,Cotton Graphic T-Shirt,Apparel,43,499,80,5
2026-07-17,SKU007,Cotton Graphic T-Shirt,Apparel,51,499,80,5
2026-07-18,SKU007,Cotton Graphic T-Shirt,Apparel,60,499,80,5
2026-07-19,SKU007,Cotton Graphic T-Shirt,Apparel,65,499,80,5
2026-07-20,SKU007,Cotton Graphic T-Shirt,Apparel,47,499,80,5
2026-07-21,SKU007,Cotton Graphic T-Shirt,Apparel,43,499,80,5
2026-07-22,SKU007,Cotton Graphic T-Shirt,Apparel,51,499,80,5
2026-07-23,SKU007,Cotton Graphic T-Shirt,Apparel,48,499,80,5
2026-07-24,SKU007,Cotton Graphic T-Shirt,Apparel,62,499,80,5
2026-07-25,SKU007,Cotton Graphic T-Shirt,Apparel,64,499,80,5
2026-07-26,SKU007,Cotton Graphic T-Shirt,Apparel,59,499,80,5
2026-07-27,SKU007,Cotton Graphic T-Shirt,Apparel,37,499,80,5
2026-07-28,SKU007,Cotton Graphic T-Shirt,Apparel,48,499,80,5
2026-07-29,SKU007,Cotton Graphic T-Shirt,Apparel,39,499,80,5
2026-07-30,SKU007,Cotton Graphic T-Shirt,Apparel,49,499,80,5
2026-07-31,SKU007,Cotton Graphic T-Shirt,Apparel,50,499,80,5
2026-08-01,SKU007,Cotton Graphic T-Shirt,Apparel,55,499,80,5
2026-08-02,SKU007,Cotton Graphic T-Shirt,Apparel,43,499,80,5
2026-08-03,SKU007,Cotton Graphic T-Shirt,Apparel,52,499,80,5
2026-08-04,SKU007,Cotton Graphic T-Shirt,Apparel,51,499,80,5
2026-08-05,SKU007,Cotton Graphic T-Shirt,Apparel,37,499,80,5
2026-08-06,SKU007,Cotton Graphic T-Shirt,Apparel,45,499,80,5
2026-08-07,SKU007,Cotton Graphic T-Shirt,Apparel,52,499,80,5
2026-08-08,SKU007,Cotton Graphic T-Shirt,Apparel,47,499,80,5
2026-08-09,SKU007,Cotton Graphic T-Shirt,Apparel,44,499,80,5
2026-08-10,SKU007,Cotton Graphic T-Shirt,Apparel,43,499,80,5
2026-08-11,SKU007,Cotton Graphic T-Shirt,Apparel,61,499,80,5
2026-08-12,SKU007,Cotton Graphic T-Shirt,Apparel,48,499,80,5
2026-08-13,SKU007,Cotton Graphic T-Shirt,Apparel,36,499,80,5
2026-08-14,SKU007,Cotton Graphic T-Shirt,Apparel,54,499,80,5
2026-08-15,SKU007,Cotton Graphic T-Shirt,Apparel,67,499,80,5
2026-08-16,SKU007,Cotton Graphic T-Shirt,Apparel,59,499,80,5
2026-08-17,SKU007,Cotton Graphic T-Shirt,Apparel,34,499,80,5
2026-08-18,SKU007,Cotton Graphic T-Shirt,Apparel,32,499,80,5
2026-08-19,SKU007,Cotton Graphic T-Shirt,Apparel,58,499,80,5
2026-08-20,SKU007,Cotton Graphic T-Shirt,Apparel,48,499,80,5
2026-08-21,SKU007,Cotton Graphic T-Shirt,Apparel,51,499,80,5
2026-08-22,SKU007,Cotton Graphic T-Shirt,Apparel,63,499,80,5
2026-08-23,SKU007,Cotton Graphic T-Shirt,Apparel,27,499,80,5
2026-08-24,SKU007,Cotton Graphic T-Shirt,Apparel,45,499,80,5
2026-08-25,SKU007,Cotton Graphic T-Shirt,Apparel,47,499,80,5
2026-08-26,SKU007,Cotton Graphic T-Shirt,Apparel,51,499,80,5
2026-08-27,SKU007,Cotton Graphic T-Shirt,Apparel,38,499,80,5
2026-08-28,SKU007,Cotton Graphic T-Shirt,Apparel,59,499,80,5
2025-08-28,SKU008,Denim Jacket,Apparel,9,2499,95,8
2025-08-29,SKU008,Denim Jacket,Apparel,13,2499,95,8
2025-08-30,SKU008,Denim Jacket,Apparel,11,2499,95,8
2025-08-31,SKU008,Denim Jacket,Apparel,9,2499,95,8
2025-09-01,SKU008,Denim Jacket,Apparel,9,2499,95,8
2025-09-02,SKU008,Denim Jacket,Apparel,11,2499,95,8
2025-09-03,SKU008,Denim Jacket,Apparel,11,2499,95,8
2025-09-04,SKU008,Denim Jacket,Apparel,10,2499,95,8
2025-09-05,SKU008,Denim Jacket,Apparel,13,2499,95,8
2025-09-06,SKU008,Denim Jacket,Apparel,10,2499,95,8
2025-09-07,SKU008,Denim Jacket,Apparel,10,2499,95,8
2025-09-08,SKU008,Denim Jacket,Apparel,10,2499,95,8
2025-09-09,SKU008,Denim Jacket,Apparel,14,2499,95,8
2025-09-10,SKU008,Denim Jacket,Apparel,8,2499,95,8
2025-09-11,SKU008,Denim Jacket,Apparel,12,2499,95,8
2025-09-12,SKU008,Denim Jacket,Apparel,15,2499,95,8
2025-09-13,SKU008,Denim Jacket,Apparel,14,2499,95,8
2025-09-14,SKU008,Denim Jacket,Apparel,13,2499,95,8
2025-09-15,SKU008,Denim Jacket,Apparel,11,2499,95,8
2025-09-16,SKU008,Denim Jacket,Apparel,11,2499,95,8
2025-09-17,SKU008,Denim Jacket,Apparel,10,2499,95,8
2025-09-18,SKU008,Denim Jacket,Apparel,12,2499,95,8
2025-09-19,SKU008,Denim Jacket,Apparel,15,2499,95,8
2025-09-20,SKU008,Denim Jacket,Apparel,12,2499,95,8
2025-09-21,SKU008,Denim Jacket,Apparel,8,2499,95,8
2025-09-22,SKU008,Denim Jacket,Apparel,10,2499,95,8
2025-09-23,SKU008,Denim Jacket,Apparel,9,2499,95,8
2025-09-24,SKU008,Denim Jacket,Apparel,10,2499,95,8
2025-09-25,SKU008,Denim Jacket,Apparel,12,2499,95,8
2025-09-26,SKU008,Denim Jacket,Apparel,12,2499,95,8
2025-09-27,SKU008,Denim Jacket,Apparel,13,2499,95,8
2025-09-28,SKU008,Denim Jacket,Apparel,10,2499,95,8
2025-09-29,SKU008,Denim Jacket,Apparel,11,2499,95,8
2025-09-30,SKU008,Denim Jacket,Apparel,7,2499,95,8
2025-10-01,SKU008,Denim Jacket,Apparel,9,2499,95,8
2025-10-02,SKU008,Denim Jacket,Apparel,10,2499,95,8
2025-10-03,SKU008,Denim Jacket,Apparel,15,2499,95,8
2025-10-04,SKU008,Denim Jacket,Apparel,12,2499,95,8
2025-10-05,SKU008,Denim Jacket,Apparel,7,2499,95,8
2025-10-06,SKU008,Denim Jacket,Apparel,11,2499,95,8
2025-10-07,SKU008,Denim Jacket,Apparel,9,2499,95,8
2025-10-08,SKU008,Denim Jacket,Apparel,8,2499,95,8
2025-10-09,SKU008,Denim Jacket,Apparel,9,2499,95,8
2025-10-10,SKU008,Denim Jacket,Apparel,13,2499,95,8
2025-10-11,SKU008,Denim Jacket,Apparel,12,2499,95,8
2025-10-12,SKU008,Denim Jacket,Apparel,7,2499,95,8
2025-10-13,SKU008,Denim Jacket,Apparel,11,2499,95,8
2025-10-14,SKU008,Denim Jacket,Apparel,12,2499,95,8
2025-10-15,SKU008,Denim Jacket,Apparel,11,2499,95,8
2025-10-16,SKU008,Denim Jacket,Apparel,8,2499,95,8
2025-10-17,SKU008,Denim Jacket,Apparel,13,2499,95,8
2025-10-18,SKU008,Denim Jacket,Apparel,13,2499,95,8
2025-10-19,SKU008,Denim Jacket,Apparel,11,2499,95,8
2025-10-20,SKU008,Denim Jacket,Apparel,11,2499,95,8
2025-10-21,SKU008,Denim Jacket,Apparel,9,2499,95,8
2025-10-22,SKU008,Denim Jacket,Apparel,10,2499,95,8
2025-10-23,SKU008,Denim Jacket,Apparel,11,2499,95,8
2025-10-24,SKU008,Denim Jacket,Apparel,16,2499,95,8
2025-10-25,SKU008,Denim Jacket,Apparel,14,2499,95,8
2025-10-26,SKU008,Denim Jacket,Apparel,11,2499,95,8
2025-10-27,SKU008,Denim Jacket,Apparel,10,2499,95,8
2025-10-28,SKU008,Denim Jacket,Apparel,12,2499,95,8
2025-10-29,SKU008,Denim Jacket,Apparel,11,2499,95,8
2025-10-30,SKU008,Denim Jacket,Apparel,9,2499,95,8
2025-10-31,SKU008,Denim Jacket,Apparel,16,2499,95,8
2025-11-01,SKU008,Denim Jacket,Apparel,20,2499,95,8
2025-11-02,SKU008,Denim Jacket,Apparel,13,2499,95,8
2025-11-03,SKU008,Denim Jacket,Apparel,13,2499,95,8
2025-11-04,SKU008,Denim Jacket,Apparel,15,2499,95,8
2025-11-05,SKU008,Denim Jacket,Apparel,15,2499,95,8
2025-11-06,SKU008,Denim Jacket,Apparel,14,2499,95,8
2025-11-07,SKU008,Denim Jacket,Apparel,19,2499,95,8
2025-11-08,SKU008,Denim Jacket,Apparel,23,2499,95,8
2025-11-09,SKU008,Denim Jacket,Apparel,16,2499,95,8
2025-11-10,SKU008,Denim Jacket,Apparel,14,2499,95,8
2025-11-11,SKU008,Denim Jacket,Apparel,16,2499,95,8
2025-11-12,SKU008,Denim Jacket,Apparel,12,2499,95,8
2025-11-13,SKU008,Denim Jacket,Apparel,15,2499,95,8
2025-11-14,SKU008,Denim Jacket,Apparel,23,2499,95,8
2025-11-15,SKU008,Denim Jacket,Apparel,18,2499,95,8
2025-11-16,SKU008,Denim Jacket,Apparel,12,2499,95,8
2025-11-17,SKU008,Denim Jacket,Apparel,13,2499,95,8
2025-11-18,SKU008,Denim Jacket,Apparel,12,2499,95,8
2025-11-19,SKU008,Denim Jacket,Apparel,12,2499,95,8
2025-11-20,SKU008,Denim Jacket,Apparel,13,2499,95,8
2025-11-21,SKU008,Denim Jacket,Apparel,14,2499,95,8
2025-11-22,SKU008,Denim Jacket,Apparel,18,2499,95,8
2025-11-23,SKU008,Denim Jacket,Apparel,16,2499,95,8
2025-11-24,SKU008,Denim Jacket,Apparel,12,2499,95,8
2025-11-25,SKU008,Denim Jacket,Apparel,17,2499,95,8
2025-11-26,SKU008,Denim Jacket,Apparel,15,2499,95,8
2025-11-27,SKU008,Denim Jacket,Apparel,16,2499,95,8
2025-11-28,SKU008,Denim Jacket,Apparel,16,2499,95,8
2025-11-29,SKU008,Denim Jacket,Apparel,21,2499,95,8
2025-11-30,SKU008,Denim Jacket,Apparel,12,2499,95,8
2025-12-01,SKU008,Denim Jacket,Apparel,16,2499,95,8
2025-12-02,SKU008,Denim Jacket,Apparel,14,2499,95,8
2025-12-03,SKU008,Denim Jacket,Apparel,15,2499,95,8
2025-12-04,SKU008,Denim Jacket,Apparel,12,2499,95,8
2025-12-05,SKU008,Denim Jacket,Apparel,16,2499,95,8
2025-12-06,SKU008,Denim Jacket,Apparel,20,2499,95,8
2025-12-07,SKU008,Denim Jacket,Apparel,12,2499,95,8
2025-12-08,SKU008,Denim Jacket,Apparel,15,2499,95,8
2025-12-09,SKU008,Denim Jacket,Apparel,11,2499,95,8
2025-12-10,SKU008,Denim Jacket,Apparel,16,2499,95,8
2025-12-11,SKU008,Denim Jacket,Apparel,11,2499,95,8
2025-12-12,SKU008,Denim Jacket,Apparel,20,2499,95,8
2025-12-13,SKU008,Denim Jacket,Apparel,20,2499,95,8
2025-12-14,SKU008,Denim Jacket,Apparel,13,2499,95,8
2025-12-15,SKU008,Denim Jacket,Apparel,15,2499,95,8
2025-12-16,SKU008,Denim Jacket,Apparel,15,2499,95,8
2025-12-17,SKU008,Denim Jacket,Apparel,13,2499,95,8
2025-12-18,SKU008,Denim Jacket,Apparel,12,2499,95,8
2025-12-19,SKU008,Denim Jacket,Apparel,13,2499,95,8
2025-12-20,SKU008,Denim Jacket,Apparel,19,2499,95,8
2025-12-21,SKU008,Denim Jacket,Apparel,11,2499,95,8
2025-12-22,SKU008,Denim Jacket,Apparel,14,2499,95,8
2025-12-23,SKU008,Denim Jacket,Apparel,13,2499,95,8
2025-12-24,SKU008,Denim Jacket,Apparel,15,2499,95,8
2025-12-25,SKU008,Denim Jacket,Apparel,13,2499,95,8
2025-12-26,SKU008,Denim Jacket,Apparel,17,2499,95,8
2025-12-27,SKU008,Denim Jacket,Apparel,20,2499,95,8
2025-12-28,SKU008,Denim Jacket,Apparel,15,2499,95,8
2025-12-29,SKU008,Denim Jacket,Apparel,15,2499,95,8
2025-12-30,SKU008,Denim Jacket,Apparel,15,2499,95,8
2025-12-31,SKU008,Denim Jacket,Apparel,11,2499,95,8
2026-01-01,SKU008,Denim Jacket,Apparel,11,2499,95,8
2026-01-02,SKU008,Denim Jacket,Apparel,14,2499,95,8
2026-01-03,SKU008,Denim Jacket,Apparel,11,2499,95,8
2026-01-04,SKU008,Denim Jacket,Apparel,10,2499,95,8
2026-01-05,SKU008,Denim Jacket,Apparel,10,2499,95,8
2026-01-06,SKU008,Denim Jacket,Apparel,10,2499,95,8
2026-01-07,SKU008,Denim Jacket,Apparel,11,2499,95,8
2026-01-08,SKU008,Denim Jacket,Apparel,12,2499,95,8
2026-01-09,SKU008,Denim Jacket,Apparel,15,2499,95,8
2026-01-10,SKU008,Denim Jacket,Apparel,10,2499,95,8
2026-01-11,SKU008,Denim Jacket,Apparel,11,2499,95,8
2026-01-12,SKU008,Denim Jacket,Apparel,12,2499,95,8
2026-01-13,SKU008,Denim Jacket,Apparel,11,2499,95,8
2026-01-14,SKU008,Denim Jacket,Apparel,12,2499,95,8
2026-01-15,SKU008,Denim Jacket,Apparel,13,2499,95,8
2026-01-16,SKU008,Denim Jacket,Apparel,15,2499,95,8
2026-01-17,SKU008,Denim Jacket,Apparel,13,2499,95,8
2026-01-18,SKU008,Denim Jacket,Apparel,12,2499,95,8
2026-01-19,SKU008,Denim Jacket,Apparel,10,2499,95,8
2026-01-20,SKU008,Denim Jacket,Apparel,10,2499,95,8
2026-01-21,SKU008,Denim Jacket,Apparel,9,2499,95,8
2026-01-22,SKU008,Denim Jacket,Apparel,12,2499,95,8
2026-01-23,SKU008,Denim Jacket,Apparel,11,2499,95,8
2026-01-24,SKU008,Denim Jacket,Apparel,16,2499,95,8
2026-01-25,SKU008,Denim Jacket,Apparel,11,2499,95,8
2026-01-26,SKU008,Denim Jacket,Apparel,8,2499,95,8
2026-01-27,SKU008,Denim Jacket,Apparel,11,2499,95,8
2026-01-28,SKU008,Denim Jacket,Apparel,7,2499,95,8
2026-01-29,SKU008,Denim Jacket,Apparel,11,2499,95,8
2026-01-30,SKU008,Denim Jacket,Apparel,15,2499,95,8
2026-01-31,SKU008,Denim Jacket,Apparel,12,2499,95,8
2026-02-01,SKU008,Denim Jacket,Apparel,10,2499,95,8
2026-02-02,SKU008,Denim Jacket,Apparel,13,2499,95,8
2026-02-03,SKU008,Denim Jacket,Apparel,9,2499,95,8
2026-02-04,SKU008,Denim Jacket,Apparel,8,2499,95,8
2026-02-05,SKU008,Denim Jacket,Apparel,12,2499,95,8
2026-02-06,SKU008,Denim Jacket,Apparel,17,2499,95,8
2026-02-07,SKU008,Denim Jacket,Apparel,13,2499,95,8
2026-02-08,SKU008,Denim Jacket,Apparel,12,2499,95,8
2026-02-09,SKU008,Denim Jacket,Apparel,12,2499,95,8
2026-02-10,SKU008,Denim Jacket,Apparel,9,2499,95,8
2026-02-11,SKU008,Denim Jacket,Apparel,9,2499,95,8
2026-02-12,SKU008,Denim Jacket,Apparel,12,2499,95,8
2026-02-13,SKU008,Denim Jacket,Apparel,16,2499,95,8
2026-02-14,SKU008,Denim Jacket,Apparel,14,2499,95,8
2026-02-15,SKU008,Denim Jacket,Apparel,9,2499,95,8
2026-02-16,SKU008,Denim Jacket,Apparel,13,2499,95,8
2026-02-17,SKU008,Denim Jacket,Apparel,9,2499,95,8
2026-02-18,SKU008,Denim Jacket,Apparel,9,2499,95,8
2026-02-19,SKU008,Denim Jacket,Apparel,11,2499,95,8
2026-02-20,SKU008,Denim Jacket,Apparel,16,2499,95,8
2026-02-21,SKU008,Denim Jacket,Apparel,15,2499,95,8
2026-02-22,SKU008,Denim Jacket,Apparel,11,2499,95,8
2026-02-23,SKU008,Denim Jacket,Apparel,11,2499,95,8
2026-02-24,SKU008,Denim Jacket,Apparel,10,2499,95,8
2026-02-25,SKU008,Denim Jacket,Apparel,11,2499,95,8
2026-02-26,SKU008,Denim Jacket,Apparel,6,2499,95,8
2026-02-27,SKU008,Denim Jacket,Apparel,12,2499,95,8
2026-02-28,SKU008,Denim Jacket,Apparel,13,2499,95,8
2026-03-01,SKU008,Denim Jacket,Apparel,8,2499,95,8
2026-03-02,SKU008,Denim Jacket,Apparel,11,2499,95,8
2026-03-03,SKU008,Denim Jacket,Apparel,10,2499,95,8
2026-03-04,SKU008,Denim Jacket,Apparel,13,2499,95,8
2026-03-05,SKU008,Denim Jacket,Apparel,12,2499,95,8
2026-03-06,SKU008,Denim Jacket,Apparel,12,2499,95,8
2026-03-07,SKU008,Denim Jacket,Apparel,13,2499,95,8
2026-03-08,SKU008,Denim Jacket,Apparel,10,2499,95,8
2026-03-09,SKU008,Denim Jacket,Apparel,9,2499,95,8
2026-03-10,SKU008,Denim Jacket,Apparel,10,2499,95,8
2026-03-11,SKU008,Denim Jacket,Apparel,9,2499,95,8
2026-03-12,SKU008,Denim Jacket,Apparel,8,2499,95,8
2026-03-13,SKU008,Denim Jacket,Apparel,14,2499,95,8
2026-03-14,SKU008,Denim Jacket,Apparel,14,2499,95,8
2026-03-15,SKU008,Denim Jacket,Apparel,9,2499,95,8
2026-03-16,SKU008,Denim Jacket,Apparel,11,2499,95,8
2026-03-17,SKU008,Denim Jacket,Apparel,9,2499,95,8
2026-03-18,SKU008,Denim Jacket,Apparel,10,2499,95,8
2026-03-19,SKU008,Denim Jacket,Apparel,11,2499,95,8
2026-03-20,SKU008,Denim Jacket,Apparel,13,2499,95,8
2026-03-21,SKU008,Denim Jacket,Apparel,14,2499,95,8
2026-03-22,SKU008,Denim Jacket,Apparel,9,2499,95,8
2026-03-23,SKU008,Denim Jacket,Apparel,10,2499,95,8
2026-03-24,SKU008,Denim Jacket,Apparel,10,2499,95,8
2026-03-25,SKU008,Denim Jacket,Apparel,9,2499,95,8
2026-03-26,SKU008,Denim Jacket,Apparel,10,2499,95,8
2026-03-27,SKU008,Denim Jacket,Apparel,10,2499,95,8
2026-03-28,SKU008,Denim Jacket,Apparel,12,2499,95,8
2026-03-29,SKU008,Denim Jacket,Apparel,10,2499,95,8
2026-03-30,SKU008,Denim Jacket,Apparel,10,2499,95,8
2026-03-31,SKU008,Denim Jacket,Apparel,10,2499,95,8
2026-04-01,SKU008,Denim Jacket,Apparel,10,2499,95,8
2026-04-02,SKU008,Denim Jacket,Apparel,11,2499,95,8
2026-04-03,SKU008,Denim Jacket,Apparel,15,2499,95,8
2026-04-04,SKU008,Denim Jacket,Apparel,12,2499,95,8
2026-04-05,SKU008,Denim Jacket,Apparel,8,2499,95,8
2026-04-06,SKU008,Denim Jacket,Apparel,8,2499,95,8
2026-04-07,SKU008,Denim Jacket,Apparel,9,2499,95,8
2026-04-08,SKU008,Denim Jacket,Apparel,9,2499,95,8
2026-04-09,SKU008,Denim Jacket,Apparel,9,2499,95,8
2026-04-10,SKU008,Denim Jacket,Apparel,10,2499,95,8
2026-04-11,SKU008,Denim Jacket,Apparel,12,2499,95,8
2026-04-12,SKU008,Denim Jacket,Apparel,10,2499,95,8
2026-04-13,SKU008,Denim Jacket,Apparel,11,2499,95,8
2026-04-14,SKU008,Denim Jacket,Apparel,9,2499,95,8
2026-04-15,SKU008,Denim Jacket,Apparel,9,2499,95,8
2026-04-16,SKU008,Denim Jacket,Apparel,9,2499,95,8
2026-04-17,SKU008,Denim Jacket,Apparel,13,2499,95,8
2026-04-18,SKU008,Denim Jacket,Apparel,11,2499,95,8
2026-04-19,SKU008,Denim Jacket,Apparel,11,2499,95,8
2026-04-20,SKU008,Denim Jacket,Apparel,7,2499,95,8
2026-04-21,SKU008,Denim Jacket,Apparel,9,2499,95,8
2026-04-22,SKU008,Denim Jacket,Apparel,10,2499,95,8
2026-04-23,SKU008,Denim Jacket,Apparel,10,2499,95,8
2026-04-24,SKU008,Denim Jacket,Apparel,18,2499,95,8
2026-04-25,SKU008,Denim Jacket,Apparel,14,2499,95,8
2026-04-26,SKU008,Denim Jacket,Apparel,8,2499,95,8
2026-04-27,SKU008,Denim Jacket,Apparel,10,2499,95,8
2026-04-28,SKU008,Denim Jacket,Apparel,7,2499,95,8
2026-04-29,SKU008,Denim Jacket,Apparel,10,2499,95,8
2026-04-30,SKU008,Denim Jacket,Apparel,9,2499,95,8
2026-05-01,SKU008,Denim Jacket,Apparel,15,2499,95,8
2026-05-02,SKU008,Denim Jacket,Apparel,12,2499,95,8
2026-05-03,SKU008,Denim Jacket,Apparel,10,2499,95,8
2026-05-04,SKU008,Denim Jacket,Apparel,9,2499,95,8
2026-05-05,SKU008,Denim Jacket,Apparel,13,2499,95,8
2026-05-06,SKU008,Denim Jacket,Apparel,10,2499,95,8
2026-05-07,SKU008,Denim Jacket,Apparel,13,2499,95,8
2026-05-08,SKU008,Denim Jacket,Apparel,15,2499,95,8
2026-05-09,SKU008,Denim Jacket,Apparel,14,2499,95,8
2026-05-10,SKU008,Denim Jacket,Apparel,11,2499,95,8
2026-05-11,SKU008,Denim Jacket,Apparel,11,2499,95,8
2026-05-12,SKU008,Denim Jacket,Apparel,7,2499,95,8
2026-05-13,SKU008,Denim Jacket,Apparel,10,2499,95,8
2026-05-14,SKU008,Denim Jacket,Apparel,11,2499,95,8
2026-05-15,SKU008,Denim Jacket,Apparel,13,2499,95,8
2026-05-16,SKU008,Denim Jacket,Apparel,10,2499,95,8
2026-05-17,SKU008,Denim Jacket,Apparel,10,2499,95,8
2026-05-18,SKU008,Denim Jacket,Apparel,13,2499,95,8
2026-05-19,SKU008,Denim Jacket,Apparel,12,2499,95,8
2026-05-20,SKU008,Denim Jacket,Apparel,10,2499,95,8
2026-05-21,SKU008,Denim Jacket,Apparel,11,2499,95,8
2026-05-22,SKU008,Denim Jacket,Apparel,12,2499,95,8
2026-05-23,SKU008,Denim Jacket,Apparel,10,2499,95,8
2026-05-24,SKU008,Denim Jacket,Apparel,9,2499,95,8
2026-05-25,SKU008,Denim Jacket,Apparel,12,2499,95,8
2026-05-26,SKU008,Denim Jacket,Apparel,10,2499,95,8
2026-05-27,SKU008,Denim Jacket,Apparel,10,2499,95,8
2026-05-28,SKU008,Denim Jacket,Apparel,10,2499,95,8
2026-05-29,SKU008,Denim Jacket,Apparel,17,2499,95,8
2026-05-30,SKU008,Denim Jacket,Apparel,16,2499,95,8
2026-05-31,SKU008,Denim Jacket,Apparel,13,2499,95,8
2026-06-01,SKU008,Denim Jacket,Apparel,10,2499,95,8
2026-06-02,SKU008,Denim Jacket,Apparel,10,2499,95,8
2026-06-03,SKU008,Denim Jacket,Apparel,8,2499,95,8
2026-06-04,SKU008,Denim Jacket,Apparel,12,2499,95,8
2026-06-05,SKU008,Denim Jacket,Apparel,11,2499,95,8
2026-06-06,SKU008,Denim Jacket,Apparel,13,2499,95,8
2026-06-07,SKU008,Denim Jacket,Apparel,8,2499,95,8
2026-06-08,SKU008,Denim Jacket,Apparel,9,2499,95,8
2026-06-09,SKU008,Denim Jacket,Apparel,9,2499,95,8
2026-06-10,SKU008,Denim Jacket,Apparel,9,2499,95,8
2026-06-11,SKU008,Denim Jacket,Apparel,9,2499,95,8
2026-06-12,SKU008,Denim Jacket,Apparel,12,2499,95,8
2026-06-13,SKU008,Denim Jacket,Apparel,15,2499,95,8
2026-06-14,SKU008,Denim Jacket,Apparel,8,2499,95,8
2026-06-15,SKU008,Denim Jacket,Apparel,10,2499,95,8
2026-06-16,SKU008,Denim Jacket,Apparel,12,2499,95,8
2026-06-17,SKU008,Denim Jacket,Apparel,9,2499,95,8
2026-06-18,SKU008,Denim Jacket,Apparel,9,2499,95,8
2026-06-19,SKU008,Denim Jacket,Apparel,13,2499,95,8
2026-06-20,SKU008,Denim Jacket,Apparel,15,2499,95,8
2026-06-21,SKU008,Denim Jacket,Apparel,10,2499,95,8
2026-06-22,SKU008,Denim Jacket,Apparel,9,2499,95,8
2026-06-23,SKU008,Denim Jacket,Apparel,11,2499,95,8
2026-06-24,SKU008,Denim Jacket,Apparel,8,2499,95,8
2026-06-25,SKU008,Denim Jacket,Apparel,11,2499,95,8
2026-06-26,SKU008,Denim Jacket,Apparel,14,2499,95,8
2026-06-27,SKU008,Denim Jacket,Apparel,12,2499,95,8
2026-06-28,SKU008,Denim Jacket,Apparel,9,2499,95,8
2026-06-29,SKU008,Denim Jacket,Apparel,9,2499,95,8
2026-06-30,SKU008,Denim Jacket,Apparel,11,2499,95,8
2026-07-01,SKU008,Denim Jacket,Apparel,12,2499,95,8
2026-07-02,SKU008,Denim Jacket,Apparel,9,2499,95,8
2026-07-03,SKU008,Denim Jacket,Apparel,14,2499,95,8
2026-07-04,SKU008,Denim Jacket,Apparel,9,2499,95,8
2026-07-05,SKU008,Denim Jacket,Apparel,9,2499,95,8
2026-07-06,SKU008,Denim Jacket,Apparel,10,2499,95,8
2026-07-07,SKU008,Denim Jacket,Apparel,9,2499,95,8
2026-07-08,SKU008,Denim Jacket,Apparel,9,2499,95,8
2026-07-09,SKU008,Denim Jacket,Apparel,9,2499,95,8
2026-07-10,SKU008,Denim Jacket,Apparel,14,2499,95,8
2026-07-11,SKU008,Denim Jacket,Apparel,13,2499,95,8
2026-07-12,SKU008,Denim Jacket,Apparel,7,2499,95,8
2026-07-13,SKU008,Denim Jacket,Apparel,7,2499,95,8
2026-07-14,SKU008,Denim Jacket,Apparel,9,2499,95,8
2026-07-15,SKU008,Denim Jacket,Apparel,11,2499,95,8
2026-07-16,SKU008,Denim Jacket,Apparel,6,2499,95,8
2026-07-17,SKU008,Denim Jacket,Apparel,12,2499,95,8
2026-07-18,SKU008,Denim Jacket,Apparel,12,2499,95,8
2026-07-19,SKU008,Denim Jacket,Apparel,12,2499,95,8
2026-07-20,SKU008,Denim Jacket,Apparel,9,2499,95,8
2026-07-21,SKU008,Denim Jacket,Apparel,11,2499,95,8
2026-07-22,SKU008,Denim Jacket,Apparel,10,2499,95,8
2026-07-23,SKU008,Denim Jacket,Apparel,7,2499,95,8
2026-07-24,SKU008,Denim Jacket,Apparel,14,2499,95,8
2026-07-25,SKU008,Denim Jacket,Apparel,13,2499,95,8
2026-07-26,SKU008,Denim Jacket,Apparel,11,2499,95,8
2026-07-27,SKU008,Denim Jacket,Apparel,16,2499,95,8
2026-07-28,SKU008,Denim Jacket,Apparel,7,2499,95,8
2026-07-29,SKU008,Denim Jacket,Apparel,13,2499,95,8
2026-07-30,SKU008,Denim Jacket,Apparel,10,2499,95,8
2026-07-31,SKU008,Denim Jacket,Apparel,14,2499,95,8
2026-08-01,SKU008,Denim Jacket,Apparel,13,2499,95,8
2026-08-02,SKU008,Denim Jacket,Apparel,9,2499,95,8
2026-08-03,SKU008,Denim Jacket,Apparel,9,2499,95,8
2026-08-04,SKU008,Denim Jacket,Apparel,10,2499,95,8
2026-08-05,SKU008,Denim Jacket,Apparel,8,2499,95,8
2026-08-06,SKU008,Denim Jacket,Apparel,11,2499,95,8
2026-08-07,SKU008,Denim Jacket,Apparel,12,2499,95,8
2026-08-08,SKU008,Denim Jacket,Apparel,11,2499,95,8
2026-08-09,SKU008,Denim Jacket,Apparel,9,2499,95,8
2026-08-10,SKU008,Denim Jacket,Apparel,12,2499,95,8
2026-08-11,SKU008,Denim Jacket,Apparel,9,2499,95,8
2026-08-12,SKU008,Denim Jacket,Apparel,11,2499,95,8
2026-08-13,SKU008,Denim Jacket,Apparel,9,2499,95,8
2026-08-14,SKU008,Denim Jacket,Apparel,14,2499,95,8
2026-08-15,SKU008,Denim Jacket,Apparel,14,2499,95,8
2026-08-16,SKU008,Denim Jacket,Apparel,13,2499,95,8
2026-08-17,SKU008,Denim Jacket,Apparel,10,2499,95,8
2026-08-18,SKU008,Denim Jacket,Apparel,11,2499,95,8
2026-08-19,SKU008,Denim Jacket,Apparel,10,2499,95,8
2026-08-20,SKU008,Denim Jacket,Apparel,12,2499,95,8
2026-08-21,SKU008,Denim Jacket,Apparel,12,2499,95,8
2026-08-22,SKU008,Denim Jacket,Apparel,14,2499,95,8
2026-08-23,SKU008,Denim Jacket,Apparel,10,2499,95,8
2026-08-24,SKU008,Denim Jacket,Apparel,10,2499,95,8
2026-08-25,SKU008,Denim Jacket,Apparel,10,2499,95,8
2026-08-26,SKU008,Denim Jacket,Apparel,10,2499,95,8
2026-08-27,SKU008,Denim Jacket,Apparel,10,2499,95,8
2026-08-28,SKU008,Denim Jacket,Apparel,13,2499,95,8
2025-08-28,SKU009,Stainless Steel Water Bottle,Home,37,699,140,4
2025-08-29,SKU009,Stainless Steel Water Bottle,Home,45,699,140,4
2025-08-30,SKU009,Stainless Steel Water Bottle,Home,44,699,140,4
2025-08-31,SKU009,Stainless Steel Water Bottle,Home,28,699,140,4
2025-09-01,SKU009,Stainless Steel Water Bottle,Home,26,699,140,4
2025-09-02,SKU009,Stainless Steel Water Bottle,Home,34,699,140,4
2025-09-03,SKU009,Stainless Steel Water Bottle,Home,34,699,140,4
2025-09-04,SKU009,Stainless Steel Water Bottle,Home,37,699,140,4
2025-09-05,SKU009,Stainless Steel Water Bottle,Home,35,699,140,4
2025-09-06,SKU009,Stainless Steel Water Bottle,Home,38,699,140,4
2025-09-07,SKU009,Stainless Steel Water Bottle,Home,23,699,140,4
2025-09-08,SKU009,Stainless Steel Water Bottle,Home,28,699,140,4
2025-09-09,SKU009,Stainless Steel Water Bottle,Home,34,699,140,4
2025-09-10,SKU009,Stainless Steel Water Bottle,Home,28,699,140,4
2025-09-11,SKU009,Stainless Steel Water Bottle,Home,33,699,140,4
2025-09-12,SKU009,Stainless Steel Water Bottle,Home,38,699,140,4
2025-09-13,SKU009,Stainless Steel Water Bottle,Home,41,699,140,4
2025-09-14,SKU009,Stainless Steel Water Bottle,Home,25,699,140,4
2025-09-15,SKU009,Stainless Steel Water Bottle,Home,30,699,140,4
2025-09-16,SKU009,Stainless Steel Water Bottle,Home,17,699,140,4
2025-09-17,SKU009,Stainless Steel Water Bottle,Home,29,699,140,4
2025-09-18,SKU009,Stainless Steel Water Bottle,Home,23,699,140,4
2025-09-19,SKU009,Stainless Steel Water Bottle,Home,46,699,140,4
2025-09-20,SKU009,Stainless Steel Water Bottle,Home,44,699,140,4
2025-09-21,SKU009,Stainless Steel Water Bottle,Home,32,699,140,4
2025-09-22,SKU009,Stainless Steel Water Bottle,Home,37,699,140,4
2025-09-23,SKU009,Stainless Steel Water Bottle,Home,26,699,140,4
2025-09-24,SKU009,Stainless Steel Water Bottle,Home,38,699,140,4
2025-09-25,SKU009,Stainless Steel Water Bottle,Home,34,699,140,4
2025-09-26,SKU009,Stainless Steel Water Bottle,Home,38,699,140,4
2025-09-27,SKU009,Stainless Steel Water Bottle,Home,46,699,140,4
2025-09-28,SKU009,Stainless Steel Water Bottle,Home,25,699,140,4
2025-09-29,SKU009,Stainless Steel Water Bottle,Home,26,699,140,4
2025-09-30,SKU009,Stainless Steel Water Bottle,Home,27,699,140,4
2025-10-01,SKU009,Stainless Steel Water Bottle,Home,28,699,140,4
2025-10-02,SKU009,Stainless Steel Water Bottle,Home,25,699,140,4
2025-10-03,SKU009,Stainless Steel Water Bottle,Home,46,699,140,4
2025-10-04,SKU009,Stainless Steel Water Bottle,Home,37,699,140,4
2025-10-05,SKU009,Stainless Steel Water Bottle,Home,32,699,140,4
2025-10-06,SKU009,Stainless Steel Water Bottle,Home,27,699,140,4
2025-10-07,SKU009,Stainless Steel Water Bottle,Home,22,699,140,4
2025-10-08,SKU009,Stainless Steel Water Bottle,Home,31,699,140,4
2025-10-09,SKU009,Stainless Steel Water Bottle,Home,21,699,140,4
2025-10-10,SKU009,Stainless Steel Water Bottle,Home,39,699,140,4
2025-10-11,SKU009,Stainless Steel Water Bottle,Home,31,699,140,4
2025-10-12,SKU009,Stainless Steel Water Bottle,Home,39,699,140,4
2025-10-13,SKU009,Stainless Steel Water Bottle,Home,34,699,140,4
2025-10-14,SKU009,Stainless Steel Water Bottle,Home,30,699,140,4
2025-10-15,SKU009,Stainless Steel Water Bottle,Home,36,699,140,4
2025-10-16,SKU009,Stainless Steel Water Bottle,Home,26,699,140,4
2025-10-17,SKU009,Stainless Steel Water Bottle,Home,42,699,140,4
2025-10-18,SKU009,Stainless Steel Water Bottle,Home,40,699,140,4
2025-10-19,SKU009,Stainless Steel Water Bottle,Home,31,699,140,4
2025-10-20,SKU009,Stainless Steel Water Bottle,Home,36,699,140,4
2025-10-21,SKU009,Stainless Steel Water Bottle,Home,33,699,140,4
2025-10-22,SKU009,Stainless Steel Water Bottle,Home,31,699,140,4
2025-10-23,SKU009,Stainless Steel Water Bottle,Home,23,699,140,4
2025-10-24,SKU009,Stainless Steel Water Bottle,Home,33,699,140,4
2025-10-25,SKU009,Stainless Steel Water Bottle,Home,38,699,140,4
2025-10-26,SKU009,Stainless Steel Water Bottle,Home,30,699,140,4
2025-10-27,SKU009,Stainless Steel Water Bottle,Home,25,699,140,4
2025-10-28,SKU009,Stainless Steel Water Bottle,Home,41,699,140,4
2025-10-29,SKU009,Stainless Steel Water Bottle,Home,37,699,140,4
2025-10-30,SKU009,Stainless Steel Water Bottle,Home,33,699,140,4
2025-10-31,SKU009,Stainless Steel Water Bottle,Home,39,699,140,4
2025-11-01,SKU009,Stainless Steel Water Bottle,Home,53,699,140,4
2025-11-02,SKU009,Stainless Steel Water Bottle,Home,36,699,140,4
2025-11-03,SKU009,Stainless Steel Water Bottle,Home,42,699,140,4
2025-11-04,SKU009,Stainless Steel Water Bottle,Home,44,699,140,4
2025-11-05,SKU009,Stainless Steel Water Bottle,Home,34,699,140,4
2025-11-06,SKU009,Stainless Steel Water Bottle,Home,44,699,140,4
2025-11-07,SKU009,Stainless Steel Water Bottle,Home,53,699,140,4
2025-11-08,SKU009,Stainless Steel Water Bottle,Home,39,699,140,4
2025-11-09,SKU009,Stainless Steel Water Bottle,Home,37,699,140,4
2025-11-10,SKU009,Stainless Steel Water Bottle,Home,39,699,140,4
2025-11-11,SKU009,Stainless Steel Water Bottle,Home,54,699,140,4
2025-11-12,SKU009,Stainless Steel Water Bottle,Home,46,699,140,4
2025-11-13,SKU009,Stainless Steel Water Bottle,Home,34,699,140,4
2025-11-14,SKU009,Stainless Steel Water Bottle,Home,59,699,140,4
2025-11-15,SKU009,Stainless Steel Water Bottle,Home,42,699,140,4
2025-11-16,SKU009,Stainless Steel Water Bottle,Home,49,699,140,4
2025-11-17,SKU009,Stainless Steel Water Bottle,Home,39,699,140,4
2025-11-18,SKU009,Stainless Steel Water Bottle,Home,41,699,140,4
2025-11-19,SKU009,Stainless Steel Water Bottle,Home,50,699,140,4
2025-11-20,SKU009,Stainless Steel Water Bottle,Home,34,699,140,4
2025-11-21,SKU009,Stainless Steel Water Bottle,Home,43,699,140,4
2025-11-22,SKU009,Stainless Steel Water Bottle,Home,50,699,140,4
2025-11-23,SKU009,Stainless Steel Water Bottle,Home,49,699,140,4
2025-11-24,SKU009,Stainless Steel Water Bottle,Home,32,699,140,4
2025-11-25,SKU009,Stainless Steel Water Bottle,Home,24,699,140,4
2025-11-26,SKU009,Stainless Steel Water Bottle,Home,39,699,140,4
2025-11-27,SKU009,Stainless Steel Water Bottle,Home,45,699,140,4
2025-11-28,SKU009,Stainless Steel Water Bottle,Home,64,699,140,4
2025-11-29,SKU009,Stainless Steel Water Bottle,Home,51,699,140,4
2025-11-30,SKU009,Stainless Steel Water Bottle,Home,39,699,140,4
2025-12-01,SKU009,Stainless Steel Water Bottle,Home,49,699,140,4
2025-12-02,SKU009,Stainless Steel Water Bottle,Home,30,699,140,4
2025-12-03,SKU009,Stainless Steel Water Bottle,Home,40,699,140,4
2025-12-04,SKU009,Stainless Steel Water Bottle,Home,43,699,140,4
2025-12-05,SKU009,Stainless Steel Water Bottle,Home,58,699,140,4
2025-12-06,SKU009,Stainless Steel Water Bottle,Home,50,699,140,4
2025-12-07,SKU009,Stainless Steel Water Bottle,Home,42,699,140,4
2025-12-08,SKU009,Stainless Steel Water Bottle,Home,26,699,140,4
2025-12-09,SKU009,Stainless Steel Water Bottle,Home,38,699,140,4
2025-12-10,SKU009,Stainless Steel Water Bottle,Home,45,699,140,4
2025-12-11,SKU009,Stainless Steel Water Bottle,Home,36,699,140,4
2025-12-12,SKU009,Stainless Steel Water Bottle,Home,55,699,140,4
2025-12-13,SKU009,Stainless Steel Water Bottle,Home,58,699,140,4
2025-12-14,SKU009,Stainless Steel Water Bottle,Home,40,699,140,4
2025-12-15,SKU009,Stainless Steel Water Bottle,Home,43,699,140,4
2025-12-16,SKU009,Stainless Steel Water Bottle,Home,36,699,140,4
2025-12-17,SKU009,Stainless Steel Water Bottle,Home,41,699,140,4
2025-12-18,SKU009,Stainless Steel Water Bottle,Home,46,699,140,4
2025-12-19,SKU009,Stainless Steel Water Bottle,Home,56,699,140,4
2025-12-20,SKU009,Stainless Steel Water Bottle,Home,50,699,140,4
2025-12-21,SKU009,Stainless Steel Water Bottle,Home,43,699,140,4
2025-12-22,SKU009,Stainless Steel Water Bottle,Home,47,699,140,4
2025-12-23,SKU009,Stainless Steel Water Bottle,Home,29,699,140,4
2025-12-24,SKU009,Stainless Steel Water Bottle,Home,49,699,140,4
2025-12-25,SKU009,Stainless Steel Water Bottle,Home,40,699,140,4
2025-12-26,SKU009,Stainless Steel Water Bottle,Home,58,699,140,4
2025-12-27,SKU009,Stainless Steel Water Bottle,Home,64,699,140,4
2025-12-28,SKU009,Stainless Steel Water Bottle,Home,33,699,140,4
2025-12-29,SKU009,Stainless Steel Water Bottle,Home,38,699,140,4
2025-12-30,SKU009,Stainless Steel Water Bottle,Home,40,699,140,4
2025-12-31,SKU009,Stainless Steel Water Bottle,Home,37,699,140,4
2026-01-01,SKU009,Stainless Steel Water Bottle,Home,38,699,140,4
2026-01-02,SKU009,Stainless Steel Water Bottle,Home,34,699,140,4
2026-01-03,SKU009,Stainless Steel Water Bottle,Home,36,699,140,4
2026-01-04,SKU009,Stainless Steel Water Bottle,Home,31,699,140,4
2026-01-05,SKU009,Stainless Steel Water Bottle,Home,25,699,140,4
2026-01-06,SKU009,Stainless Steel Water Bottle,Home,28,699,140,4
2026-01-07,SKU009,Stainless Steel Water Bottle,Home,31,699,140,4
2026-01-08,SKU009,Stainless Steel Water Bottle,Home,29,699,140,4
2026-01-09,SKU009,Stainless Steel Water Bottle,Home,38,699,140,4
2026-01-10,SKU009,Stainless Steel Water Bottle,Home,36,699,140,4
2026-01-11,SKU009,Stainless Steel Water Bottle,Home,23,699,140,4
2026-01-12,SKU009,Stainless Steel Water Bottle,Home,31,699,140,4
2026-01-13,SKU009,Stainless Steel Water Bottle,Home,38,699,140,4
2026-01-14,SKU009,Stainless Steel Water Bottle,Home,30,699,140,4
2026-01-15,SKU009,Stainless Steel Water Bottle,Home,31,699,140,4
2026-01-16,SKU009,Stainless Steel Water Bottle,Home,43,699,140,4
2026-01-17,SKU009,Stainless Steel Water Bottle,Home,32,699,140,4
2026-01-18,SKU009,Stainless Steel Water Bottle,Home,38,699,140,4
2026-01-19,SKU009,Stainless Steel Water Bottle,Home,31,699,140,4
2026-01-20,SKU009,Stainless Steel Water Bottle,Home,37,699,140,4
2026-01-21,SKU009,Stainless Steel Water Bottle,Home,27,699,140,4
2026-01-22,SKU009,Stainless Steel Water Bottle,Home,38,699,140,4
2026-01-23,SKU009,Stainless Steel Water Bottle,Home,44,699,140,4
2026-01-24,SKU009,Stainless Steel Water Bottle,Home,42,699,140,4
2026-01-25,SKU009,Stainless Steel Water Bottle,Home,31,699,140,4
2026-01-26,SKU009,Stainless Steel Water Bottle,Home,29,699,140,4
2026-01-27,SKU009,Stainless Steel Water Bottle,Home,35,699,140,4
2026-01-28,SKU009,Stainless Steel Water Bottle,Home,31,699,140,4
2026-01-29,SKU009,Stainless Steel Water Bottle,Home,21,699,140,4
2026-01-30,SKU009,Stainless Steel Water Bottle,Home,32,699,140,4
2026-01-31,SKU009,Stainless Steel Water Bottle,Home,38,699,140,4
2026-02-01,SKU009,Stainless Steel Water Bottle,Home,31,699,140,4
2026-02-02,SKU009,Stainless Steel Water Bottle,Home,30,699,140,4
2026-02-03,SKU009,Stainless Steel Water Bottle,Home,35,699,140,4
2026-02-04,SKU009,Stainless Steel Water Bottle,Home,21,699,140,4
2026-02-05,SKU009,Stainless Steel Water Bottle,Home,31,699,140,4
2026-02-06,SKU009,Stainless Steel Water Bottle,Home,28,699,140,4
2026-02-07,SKU009,Stainless Steel Water Bottle,Home,43,699,140,4
2026-02-08,SKU009,Stainless Steel Water Bottle,Home,30,699,140,4
2026-02-09,SKU009,Stainless Steel Water Bottle,Home,32,699,140,4
2026-02-10,SKU009,Stainless Steel Water Bottle,Home,26,699,140,4
2026-02-11,SKU009,Stainless Steel Water Bottle,Home,36,699,140,4
2026-02-12,SKU009,Stainless Steel Water Bottle,Home,35,699,140,4
2026-02-13,SKU009,Stainless Steel Water Bottle,Home,42,699,140,4
2026-02-14,SKU009,Stainless Steel Water Bottle,Home,38,699,140,4
2026-02-15,SKU009,Stainless Steel Water Bottle,Home,33,699,140,4
2026-02-16,SKU009,Stainless Steel Water Bottle,Home,27,699,140,4
2026-02-17,SKU009,Stainless Steel Water Bottle,Home,34,699,140,4
2026-02-18,SKU009,Stainless Steel Water Bottle,Home,37,699,140,4
2026-02-19,SKU009,Stainless Steel Water Bottle,Home,35,699,140,4
2026-02-20,SKU009,Stainless Steel Water Bottle,Home,35,699,140,4
2026-02-21,SKU009,Stainless Steel Water Bottle,Home,41,699,140,4
2026-02-22,SKU009,Stainless Steel Water Bottle,Home,24,699,140,4
2026-02-23,SKU009,Stainless Steel Water Bottle,Home,33,699,140,4
2026-02-24,SKU009,Stainless Steel Water Bottle,Home,32,699,140,4
2026-02-25,SKU009,Stainless Steel Water Bottle,Home,22,699,140,4
2026-02-26,SKU009,Stainless Steel Water Bottle,Home,25,699,140,4
2026-02-27,SKU009,Stainless Steel Water Bottle,Home,37,699,140,4
2026-02-28,SKU009,Stainless Steel Water Bottle,Home,37,699,140,4
2026-03-01,SKU009,Stainless Steel Water Bottle,Home,25,699,140,4
2026-03-02,SKU009,Stainless Steel Water Bottle,Home,32,699,140,4
2026-03-03,SKU009,Stainless Steel Water Bottle,Home,31,699,140,4
2026-03-04,SKU009,Stainless Steel Water Bottle,Home,29,699,140,4
2026-03-05,SKU009,Stainless Steel Water Bottle,Home,27,699,140,4
2026-03-06,SKU009,Stainless Steel Water Bottle,Home,45,699,140,4
2026-03-07,SKU009,Stainless Steel Water Bottle,Home,49,699,140,4
2026-03-08,SKU009,Stainless Steel Water Bottle,Home,28,699,140,4
2026-03-09,SKU009,Stainless Steel Water Bottle,Home,27,699,140,4
2026-03-10,SKU009,Stainless Steel Water Bottle,Home,32,699,140,4
2026-03-11,SKU009,Stainless Steel Water Bottle,Home,28,699,140,4
2026-03-12,SKU009,Stainless Steel Water Bottle,Home,29,699,140,4
2026-03-13,SKU009,Stainless Steel Water Bottle,Home,43,699,140,4
2026-03-14,SKU009,Stainless Steel Water Bottle,Home,28,699,140,4
2026-03-15,SKU009,Stainless Steel Water Bottle,Home,36,699,140,4
2026-03-16,SKU009,Stainless Steel Water Bottle,Home,30,699,140,4
2026-03-17,SKU009,Stainless Steel Water Bottle,Home,28,699,140,4
2026-03-18,SKU009,Stainless Steel Water Bottle,Home,30,699,140,4
2026-03-19,SKU009,Stainless Steel Water Bottle,Home,30,699,140,4
2026-03-20,SKU009,Stainless Steel Water Bottle,Home,29,699,140,4
2026-03-21,SKU009,Stainless Steel Water Bottle,Home,48,699,140,4
2026-03-22,SKU009,Stainless Steel Water Bottle,Home,30,699,140,4
2026-03-23,SKU009,Stainless Steel Water Bottle,Home,32,699,140,4
2026-03-24,SKU009,Stainless Steel Water Bottle,Home,34,699,140,4
2026-03-25,SKU009,Stainless Steel Water Bottle,Home,25,699,140,4
2026-03-26,SKU009,Stainless Steel Water Bottle,Home,32,699,140,4
2026-03-27,SKU009,Stainless Steel Water Bottle,Home,37,699,140,4
2026-03-28,SKU009,Stainless Steel Water Bottle,Home,44,699,140,4
2026-03-29,SKU009,Stainless Steel Water Bottle,Home,20,699,140,4
2026-03-30,SKU009,Stainless Steel Water Bottle,Home,30,699,140,4
2026-03-31,SKU009,Stainless Steel Water Bottle,Home,27,699,140,4
2026-04-01,SKU009,Stainless Steel Water Bottle,Home,32,699,140,4
2026-04-02,SKU009,Stainless Steel Water Bottle,Home,32,699,140,4
2026-04-03,SKU009,Stainless Steel Water Bottle,Home,35,699,140,4
2026-04-04,SKU009,Stainless Steel Water Bottle,Home,35,699,140,4
2026-04-05,SKU009,Stainless Steel Water Bottle,Home,30,699,140,4
2026-04-06,SKU009,Stainless Steel Water Bottle,Home,26,699,140,4
2026-04-07,SKU009,Stainless Steel Water Bottle,Home,34,699,140,4
2026-04-08,SKU009,Stainless Steel Water Bottle,Home,28,699,140,4
2026-04-09,SKU009,Stainless Steel Water Bottle,Home,17,699,140,4
2026-04-10,SKU009,Stainless Steel Water Bottle,Home,37,699,140,4
2026-04-11,SKU009,Stainless Steel Water Bottle,Home,33,699,140,4
2026-04-12,SKU009,Stainless Steel Water Bottle,Home,23,699,140,4
2026-04-13,SKU009,Stainless Steel Water Bottle,Home,24,699,140,4
2026-04-14,SKU009,Stainless Steel Water Bottle,Home,30,699,140,4
2026-04-15,SKU009,Stainless Steel Water Bottle,Home,36,699,140,4
2026-04-16,SKU009,Stainless Steel Water Bottle,Home,31,699,140,4
2026-04-17,SKU009,Stainless Steel Water Bottle,Home,35,699,140,4
2026-04-18,SKU009,Stainless Steel Water Bottle,Home,42,699,140,4
2026-04-19,SKU009,Stainless Steel Water Bottle,Home,28,699,140,4
2026-04-20,SKU009,Stainless Steel Water Bottle,Home,27,699,140,4
2026-04-21,SKU009,Stainless Steel Water Bottle,Home,25,699,140,4
2026-04-22,SKU009,Stainless Steel Water Bottle,Home,22,699,140,4
2026-04-23,SKU009,Stainless Steel Water Bottle,Home,28,699,140,4
2026-04-24,SKU009,Stainless Steel Water Bottle,Home,40,699,140,4
2026-04-25,SKU009,Stainless Steel Water Bottle,Home,38,699,140,4
2026-04-26,SKU009,Stainless Steel Water Bottle,Home,28,699,140,4
2026-04-27,SKU009,Stainless Steel Water Bottle,Home,26,699,140,4
2026-04-28,SKU009,Stainless Steel Water Bottle,Home,33,699,140,4
2026-04-29,SKU009,Stainless Steel Water Bottle,Home,24,699,140,4
2026-04-30,SKU009,Stainless Steel Water Bottle,Home,33,699,140,4
2026-05-01,SKU009,Stainless Steel Water Bottle,Home,33,699,140,4
2026-05-02,SKU009,Stainless Steel Water Bottle,Home,35,699,140,4
2026-05-03,SKU009,Stainless Steel Water Bottle,Home,23,699,140,4
2026-05-04,SKU009,Stainless Steel Water Bottle,Home,28,699,140,4
2026-05-05,SKU009,Stainless Steel Water Bottle,Home,34,699,140,4
2026-05-06,SKU009,Stainless Steel Water Bottle,Home,32,699,140,4
2026-05-07,SKU009,Stainless Steel Water Bottle,Home,34,699,140,4
2026-05-08,SKU009,Stainless Steel Water Bottle,Home,42,699,140,4
2026-05-09,SKU009,Stainless Steel Water Bottle,Home,33,699,140,4
2026-05-10,SKU009,Stainless Steel Water Bottle,Home,29,699,140,4
2026-05-11,SKU009,Stainless Steel Water Bottle,Home,26,699,140,4
2026-05-12,SKU009,Stainless Steel Water Bottle,Home,36,699,140,4
2026-05-13,SKU009,Stainless Steel Water Bottle,Home,25,699,140,4
2026-05-14,SKU009,Stainless Steel Water Bottle,Home,34,699,140,4
2026-05-15,SKU009,Stainless Steel Water Bottle,Home,44,699,140,4
2026-05-16,SKU009,Stainless Steel Water Bottle,Home,50,699,140,4
2026-05-17,SKU009,Stainless Steel Water Bottle,Home,28,699,140,4
2026-05-18,SKU009,Stainless Steel Water Bottle,Home,33,699,140,4
2026-05-19,SKU009,Stainless Steel Water Bottle,Home,40,699,140,4
2026-05-20,SKU009,Stainless Steel Water Bottle,Home,27,699,140,4
2026-05-21,SKU009,Stainless Steel Water Bottle,Home,23,699,140,4
2026-05-22,SKU009,Stainless Steel Water Bottle,Home,28,699,140,4
2026-05-23,SKU009,Stainless Steel Water Bottle,Home,43,699,140,4
2026-05-24,SKU009,Stainless Steel Water Bottle,Home,22,699,140,4
2026-05-25,SKU009,Stainless Steel Water Bottle,Home,28,699,140,4
2026-05-26,SKU009,Stainless Steel Water Bottle,Home,32,699,140,4
2026-05-27,SKU009,Stainless Steel Water Bottle,Home,31,699,140,4
2026-05-28,SKU009,Stainless Steel Water Bottle,Home,32,699,140,4
2026-05-29,SKU009,Stainless Steel Water Bottle,Home,40,699,140,4
2026-05-30,SKU009,Stainless Steel Water Bottle,Home,46,699,140,4
2026-05-31,SKU009,Stainless Steel Water Bottle,Home,26,699,140,4
2026-06-01,SKU009,Stainless Steel Water Bottle,Home,27,699,140,4
2026-06-02,SKU009,Stainless Steel Water Bottle,Home,27,699,140,4
2026-06-03,SKU009,Stainless Steel Water Bottle,Home,34,699,140,4
2026-06-04,SKU009,Stainless Steel Water Bottle,Home,34,699,140,4
2026-06-05,SKU009,Stainless Steel Water Bottle,Home,42,699,140,4
2026-06-06,SKU009,Stainless Steel Water Bottle,Home,46,699,140,4
2026-06-07,SKU009,Stainless Steel Water Bottle,Home,25,699,140,4
2026-06-08,SKU009,Stainless Steel Water Bottle,Home,38,699,140,4
2026-06-09,SKU009,Stainless Steel Water Bottle,Home,37,699,140,4
2026-06-10,SKU009,Stainless Steel Water Bottle,Home,33,699,140,4
2026-06-11,SKU009,Stainless Steel Water Bottle,Home,38,699,140,4
2026-06-12,SKU009,Stainless Steel Water Bottle,Home,29,699,140,4
2026-06-13,SKU009,Stainless Steel Water Bottle,Home,36,699,140,4
2026-06-14,SKU009,Stainless Steel Water Bottle,Home,27,699,140,4
2026-06-15,SKU009,Stainless Steel Water Bottle,Home,33,699,140,4
2026-06-16,SKU009,Stainless Steel Water Bottle,Home,25,699,140,4
2026-06-17,SKU009,Stainless Steel Water Bottle,Home,33,699,140,4
2026-06-18,SKU009,Stainless Steel Water Bottle,Home,36,699,140,4
2026-06-19,SKU009,Stainless Steel Water Bottle,Home,43,699,140,4
2026-06-20,SKU009,Stainless Steel Water Bottle,Home,41,699,140,4
2026-06-21,SKU009,Stainless Steel Water Bottle,Home,26,699,140,4
2026-06-22,SKU009,Stainless Steel Water Bottle,Home,26,699,140,4
2026-06-23,SKU009,Stainless Steel Water Bottle,Home,36,699,140,4
2026-06-24,SKU009,Stainless Steel Water Bottle,Home,34,699,140,4
2026-06-25,SKU009,Stainless Steel Water Bottle,Home,30,699,140,4
2026-06-26,SKU009,Stainless Steel Water Bottle,Home,37,699,140,4
2026-06-27,SKU009,Stainless Steel Water Bottle,Home,27,699,140,4
2026-06-28,SKU009,Stainless Steel Water Bottle,Home,25,699,140,4
2026-06-29,SKU009,Stainless Steel Water Bottle,Home,39,699,140,4
2026-06-30,SKU009,Stainless Steel Water Bottle,Home,24,699,140,4
2026-07-01,SKU009,Stainless Steel Water Bottle,Home,31,699,140,4
2026-07-02,SKU009,Stainless Steel Water Bottle,Home,35,699,140,4
2026-07-03,SKU009,Stainless Steel Water Bottle,Home,32,699,140,4
2026-07-04,SKU009,Stainless Steel Water Bottle,Home,40,699,140,4
2026-07-05,SKU009,Stainless Steel Water Bottle,Home,34,699,140,4
2026-07-06,SKU009,Stainless Steel Water Bottle,Home,30,699,140,4
2026-07-07,SKU009,Stainless Steel Water Bottle,Home,43,699,140,4
2026-07-08,SKU009,Stainless Steel Water Bottle,Home,22,699,140,4
2026-07-09,SKU009,Stainless Steel Water Bottle,Home,35,699,140,4
2026-07-10,SKU009,Stainless Steel Water Bottle,Home,38,699,140,4
2026-07-11,SKU009,Stainless Steel Water Bottle,Home,44,699,140,4
2026-07-12,SKU009,Stainless Steel Water Bottle,Home,32,699,140,4
2026-07-13,SKU009,Stainless Steel Water Bottle,Home,27,699,140,4
2026-07-14,SKU009,Stainless Steel Water Bottle,Home,31,699,140,4
2026-07-15,SKU009,Stainless Steel Water Bottle,Home,22,699,140,4
2026-07-16,SKU009,Stainless Steel Water Bottle,Home,33,699,140,4
2026-07-17,SKU009,Stainless Steel Water Bottle,Home,41,699,140,4
2026-07-18,SKU009,Stainless Steel Water Bottle,Home,43,699,140,4
2026-07-19,SKU009,Stainless Steel Water Bottle,Home,35,699,140,4
2026-07-20,SKU009,Stainless Steel Water Bottle,Home,32,699,140,4
2026-07-21,SKU009,Stainless Steel Water Bottle,Home,31,699,140,4
2026-07-22,SKU009,Stainless Steel Water Bottle,Home,26,699,140,4
2026-07-23,SKU009,Stainless Steel Water Bottle,Home,27,699,140,4
2026-07-24,SKU009,Stainless Steel Water Bottle,Home,46,699,140,4
2026-07-25,SKU009,Stainless Steel Water Bottle,Home,47,699,140,4
2026-07-26,SKU009,Stainless Steel Water Bottle,Home,29,699,140,4
2026-07-27,SKU009,Stainless Steel Water Bottle,Home,30,699,140,4
2026-07-28,SKU009,Stainless Steel Water Bottle,Home,26,699,140,4
2026-07-29,SKU009,Stainless Steel Water Bottle,Home,35,699,140,4
2026-07-30,SKU009,Stainless Steel Water Bottle,Home,33,699,140,4
2026-07-31,SKU009,Stainless Steel Water Bottle,Home,50,699,140,4
2026-08-01,SKU009,Stainless Steel Water Bottle,Home,34,699,140,4
2026-08-02,SKU009,Stainless Steel Water Bottle,Home,28,699,140,4
2026-08-03,SKU009,Stainless Steel Water Bottle,Home,31,699,140,4
2026-08-04,SKU009,Stainless Steel Water Bottle,Home,33,699,140,4
2026-08-05,SKU009,Stainless Steel Water Bottle,Home,29,699,140,4
2026-08-06,SKU009,Stainless Steel Water Bottle,Home,26,699,140,4
2026-08-07,SKU009,Stainless Steel Water Bottle,Home,44,699,140,4
2026-08-08,SKU009,Stainless Steel Water Bottle,Home,43,699,140,4
2026-08-09,SKU009,Stainless Steel Water Bottle,Home,26,699,140,4
2026-08-10,SKU009,Stainless Steel Water Bottle,Home,36,699,140,4
2026-08-11,SKU009,Stainless Steel Water Bottle,Home,35,699,140,4
2026-08-12,SKU009,Stainless Steel Water Bottle,Home,31,699,140,4
2026-08-13,SKU009,Stainless Steel Water Bottle,Home,30,699,140,4
2026-08-14,SKU009,Stainless Steel Water Bottle,Home,42,699,140,4
2026-08-15,SKU009,Stainless Steel Water Bottle,Home,34,699,140,4
2026-08-16,SKU009,Stainless Steel Water Bottle,Home,30,699,140,4
2026-08-17,SKU009,Stainless Steel Water Bottle,Home,20,699,140,4
2026-08-18,SKU009,Stainless Steel Water Bottle,Home,34,699,140,4
2026-08-19,SKU009,Stainless Steel Water Bottle,Home,23,699,140,4
2026-08-20,SKU009,Stainless Steel Water Bottle,Home,37,699,140,4
2026-08-21,SKU009,Stainless Steel Water Bottle,Home,37,699,140,4
2026-08-22,SKU009,Stainless Steel Water Bottle,Home,38,699,140,4
2026-08-23,SKU009,Stainless Steel Water Bottle,Home,27,699,140,4
2026-08-24,SKU009,Stainless Steel Water Bottle,Home,29,699,140,4
2026-08-25,SKU009,Stainless Steel Water Bottle,Home,36,699,140,4
2026-08-26,SKU009,Stainless Steel Water Bottle,Home,19,699,140,4
2026-08-27,SKU009,Stainless Steel Water Bottle,Home,36,699,140,4
2026-08-28,SKU009,Stainless Steel Water Bottle,Home,41,699,140,4
2025-08-28,SKU010,Smart Fitness Watch,Electronics,15,4299,30,9
2025-08-29,SKU010,Smart Fitness Watch,Electronics,20,4299,30,9
2025-08-30,SKU010,Smart Fitness Watch,Electronics,29,4299,30,9
2025-08-31,SKU010,Smart Fitness Watch,Electronics,15,4299,30,9
2025-09-01,SKU010,Smart Fitness Watch,Electronics,15,4299,30,9
2025-09-02,SKU010,Smart Fitness Watch,Electronics,21,4299,30,9
2025-09-03,SKU010,Smart Fitness Watch,Electronics,19,4299,30,9
2025-09-04,SKU010,Smart Fitness Watch,Electronics,15,4299,30,9
2025-09-05,SKU010,Smart Fitness Watch,Electronics,24,4299,30,9
2025-09-06,SKU010,Smart Fitness Watch,Electronics,20,4299,30,9
2025-09-07,SKU010,Smart Fitness Watch,Electronics,21,4299,30,9
2025-09-08,SKU010,Smart Fitness Watch,Electronics,21,4299,30,9
2025-09-09,SKU010,Smart Fitness Watch,Electronics,19,4299,30,9
2025-09-10,SKU010,Smart Fitness Watch,Electronics,19,4299,30,9
2025-09-11,SKU010,Smart Fitness Watch,Electronics,23,4299,30,9
2025-09-12,SKU010,Smart Fitness Watch,Electronics,23,4299,30,9
2025-09-13,SKU010,Smart Fitness Watch,Electronics,19,4299,30,9
2025-09-14,SKU010,Smart Fitness Watch,Electronics,19,4299,30,9
2025-09-15,SKU010,Smart Fitness Watch,Electronics,24,4299,30,9
2025-09-16,SKU010,Smart Fitness Watch,Electronics,15,4299,30,9
2025-09-17,SKU010,Smart Fitness Watch,Electronics,17,4299,30,9
2025-09-18,SKU010,Smart Fitness Watch,Electronics,19,4299,30,9
2025-09-19,SKU010,Smart Fitness Watch,Electronics,23,4299,30,9
2025-09-20,SKU010,Smart Fitness Watch,Electronics,20,4299,30,9
2025-09-21,SKU010,Smart Fitness Watch,Electronics,21,4299,30,9
2025-09-22,SKU010,Smart Fitness Watch,Electronics,24,4299,30,9
2025-09-23,SKU010,Smart Fitness Watch,Electronics,19,4299,30,9
2025-09-24,SKU010,Smart Fitness Watch,Electronics,16,4299,30,9
2025-09-25,SKU010,Smart Fitness Watch,Electronics,14,4299,30,9
2025-09-26,SKU010,Smart Fitness Watch,Electronics,24,4299,30,9
2025-09-27,SKU010,Smart Fitness Watch,Electronics,27,4299,30,9
2025-09-28,SKU010,Smart Fitness Watch,Electronics,19,4299,30,9
2025-09-29,SKU010,Smart Fitness Watch,Electronics,18,4299,30,9
2025-09-30,SKU010,Smart Fitness Watch,Electronics,16,4299,30,9
2025-10-01,SKU010,Smart Fitness Watch,Electronics,15,4299,30,9
2025-10-02,SKU010,Smart Fitness Watch,Electronics,20,4299,30,9
2025-10-03,SKU010,Smart Fitness Watch,Electronics,27,4299,30,9
2025-10-04,SKU010,Smart Fitness Watch,Electronics,18,4299,30,9
2025-10-05,SKU010,Smart Fitness Watch,Electronics,22,4299,30,9
2025-10-06,SKU010,Smart Fitness Watch,Electronics,20,4299,30,9
2025-10-07,SKU010,Smart Fitness Watch,Electronics,22,4299,30,9
2025-10-08,SKU010,Smart Fitness Watch,Electronics,14,4299,30,9
2025-10-09,SKU010,Smart Fitness Watch,Electronics,14,4299,30,9
2025-10-10,SKU010,Smart Fitness Watch,Electronics,23,4299,30,9
2025-10-11,SKU010,Smart Fitness Watch,Electronics,25,4299,30,9
2025-10-12,SKU010,Smart Fitness Watch,Electronics,23,4299,30,9
2025-10-13,SKU010,Smart Fitness Watch,Electronics,20,4299,30,9
2025-10-14,SKU010,Smart Fitness Watch,Electronics,17,4299,30,9
2025-10-15,SKU010,Smart Fitness Watch,Electronics,15,4299,30,9
2025-10-16,SKU010,Smart Fitness Watch,Electronics,21,4299,30,9
2025-10-17,SKU010,Smart Fitness Watch,Electronics,20,4299,30,9
2025-10-18,SKU010,Smart Fitness Watch,Electronics,29,4299,30,9
2025-10-19,SKU010,Smart Fitness Watch,Electronics,17,4299,30,9
2025-10-20,SKU010,Smart Fitness Watch,Electronics,22,4299,30,9
2025-10-21,SKU010,Smart Fitness Watch,Electronics,20,4299,30,9
2025-10-22,SKU010,Smart Fitness Watch,Electronics,18,4299,30,9
2025-10-23,SKU010,Smart Fitness Watch,Electronics,17,4299,30,9
2025-10-24,SKU010,Smart Fitness Watch,Electronics,22,4299,30,9
2025-10-25,SKU010,Smart Fitness Watch,Electronics,25,4299,30,9
2025-10-26,SKU010,Smart Fitness Watch,Electronics,18,4299,30,9
2025-10-27,SKU010,Smart Fitness Watch,Electronics,16,4299,30,9
2025-10-28,SKU010,Smart Fitness Watch,Electronics,18,4299,30,9
2025-10-29,SKU010,Smart Fitness Watch,Electronics,18,4299,30,9
2025-10-30,SKU010,Smart Fitness Watch,Electronics,12,4299,30,9
2025-10-31,SKU010,Smart Fitness Watch,Electronics,25,4299,30,9
2025-11-01,SKU010,Smart Fitness Watch,Electronics,28,4299,30,9
2025-11-02,SKU010,Smart Fitness Watch,Electronics,21,4299,30,9
2025-11-03,SKU010,Smart Fitness Watch,Electronics,19,4299,30,9
2025-11-04,SKU010,Smart Fitness Watch,Electronics,18,4299,30,9
2025-11-05,SKU010,Smart Fitness Watch,Electronics,20,4299,30,9
2025-11-06,SKU010,Smart Fitness Watch,Electronics,23,4299,30,9
2025-11-07,SKU010,Smart Fitness Watch,Electronics,42,4299,30,9
2025-11-08,SKU010,Smart Fitness Watch,Electronics,30,4299,30,9
2025-11-09,SKU010,Smart Fitness Watch,Electronics,26,4299,30,9
2025-11-10,SKU010,Smart Fitness Watch,Electronics,27,4299,30,9
2025-11-11,SKU010,Smart Fitness Watch,Electronics,26,4299,30,9
2025-11-12,SKU010,Smart Fitness Watch,Electronics,25,4299,30,9
2025-11-13,SKU010,Smart Fitness Watch,Electronics,21,4299,30,9
2025-11-14,SKU010,Smart Fitness Watch,Electronics,40,4299,30,9
2025-11-15,SKU010,Smart Fitness Watch,Electronics,42,4299,30,9
2025-11-16,SKU010,Smart Fitness Watch,Electronics,19,4299,30,9
2025-11-17,SKU010,Smart Fitness Watch,Electronics,21,4299,30,9
2025-11-18,SKU010,Smart Fitness Watch,Electronics,24,4299,30,9
2025-11-19,SKU010,Smart Fitness Watch,Electronics,22,4299,30,9
2025-11-20,SKU010,Smart Fitness Watch,Electronics,27,4299,30,9
2025-11-21,SKU010,Smart Fitness Watch,Electronics,29,4299,30,9
2025-11-22,SKU010,Smart Fitness Watch,Electronics,43,4299,30,9
2025-11-23,SKU010,Smart Fitness Watch,Electronics,30,4299,30,9
2025-11-24,SKU010,Smart Fitness Watch,Electronics,26,4299,30,9
2025-11-25,SKU010,Smart Fitness Watch,Electronics,29,4299,30,9
2025-11-26,SKU010,Smart Fitness Watch,Electronics,29,4299,30,9
2025-11-27,SKU010,Smart Fitness Watch,Electronics,23,4299,30,9
2025-11-28,SKU010,Smart Fitness Watch,Electronics,29,4299,30,9
2025-11-29,SKU010,Smart Fitness Watch,Electronics,33,4299,30,9
2025-11-30,SKU010,Smart Fitness Watch,Electronics,28,4299,30,9
2025-12-01,SKU010,Smart Fitness Watch,Electronics,26,4299,30,9
2025-12-02,SKU010,Smart Fitness Watch,Electronics,19,4299,30,9
2025-12-03,SKU010,Smart Fitness Watch,Electronics,22,4299,30,9
2025-12-04,SKU010,Smart Fitness Watch,Electronics,25,4299,30,9
2025-12-05,SKU010,Smart Fitness Watch,Electronics,32,4299,30,9
2025-12-06,SKU010,Smart Fitness Watch,Electronics,42,4299,30,9
2025-12-07,SKU010,Smart Fitness Watch,Electronics,20,4299,30,9
2025-12-08,SKU010,Smart Fitness Watch,Electronics,27,4299,30,9
2025-12-09,SKU010,Smart Fitness Watch,Electronics,31,4299,30,9
2025-12-10,SKU010,Smart Fitness Watch,Electronics,34,4299,30,9
2025-12-11,SKU010,Smart Fitness Watch,Electronics,24,4299,30,9
2025-12-12,SKU010,Smart Fitness Watch,Electronics,35,4299,30,9
2025-12-13,SKU010,Smart Fitness Watch,Electronics,36,4299,30,9
2025-12-14,SKU010,Smart Fitness Watch,Electronics,26,4299,30,9
2025-12-15,SKU010,Smart Fitness Watch,Electronics,25,4299,30,9
2025-12-16,SKU010,Smart Fitness Watch,Electronics,27,4299,30,9
2025-12-17,SKU010,Smart Fitness Watch,Electronics,16,4299,30,9
2025-12-18,SKU010,Smart Fitness Watch,Electronics,28,4299,30,9
2025-12-19,SKU010,Smart Fitness Watch,Electronics,33,4299,30,9
2025-12-20,SKU010,Smart Fitness Watch,Electronics,32,4299,30,9
2025-12-21,SKU010,Smart Fitness Watch,Electronics,33,4299,30,9
2025-12-22,SKU010,Smart Fitness Watch,Electronics,23,4299,30,9
2025-12-23,SKU010,Smart Fitness Watch,Electronics,24,4299,30,9
2025-12-24,SKU010,Smart Fitness Watch,Electronics,33,4299,30,9
2025-12-25,SKU010,Smart Fitness Watch,Electronics,22,4299,30,9
2025-12-26,SKU010,Smart Fitness Watch,Electronics,30,4299,30,9
2025-12-27,SKU010,Smart Fitness Watch,Electronics,32,4299,30,9
2025-12-28,SKU010,Smart Fitness Watch,Electronics,28,4299,30,9
2025-12-29,SKU010,Smart Fitness Watch,Electronics,26,4299,30,9
2025-12-30,SKU010,Smart Fitness Watch,Electronics,20,4299,30,9
2025-12-31,SKU010,Smart Fitness Watch,Electronics,23,4299,30,9
2026-01-01,SKU010,Smart Fitness Watch,Electronics,16,4299,30,9
2026-01-02,SKU010,Smart Fitness Watch,Electronics,23,4299,30,9
2026-01-03,SKU010,Smart Fitness Watch,Electronics,25,4299,30,9
2026-01-04,SKU010,Smart Fitness Watch,Electronics,19,4299,30,9
2026-01-05,SKU010,Smart Fitness Watch,Electronics,13,4299,30,9
2026-01-06,SKU010,Smart Fitness Watch,Electronics,21,4299,30,9
2026-01-07,SKU010,Smart Fitness Watch,Electronics,19,4299,30,9
2026-01-08,SKU010,Smart Fitness Watch,Electronics,22,4299,30,9
2026-01-09,SKU010,Smart Fitness Watch,Electronics,25,4299,30,9
2026-01-10,SKU010,Smart Fitness Watch,Electronics,27,4299,30,9
2026-01-11,SKU010,Smart Fitness Watch,Electronics,19,4299,30,9
2026-01-12,SKU010,Smart Fitness Watch,Electronics,22,4299,30,9
2026-01-13,SKU010,Smart Fitness Watch,Electronics,19,4299,30,9
2026-01-14,SKU010,Smart Fitness Watch,Electronics,18,4299,30,9
2026-01-15,SKU010,Smart Fitness Watch,Electronics,24,4299,30,9
2026-01-16,SKU010,Smart Fitness Watch,Electronics,27,4299,30,9
2026-01-17,SKU010,Smart Fitness Watch,Electronics,25,4299,30,9
2026-01-18,SKU010,Smart Fitness Watch,Electronics,15,4299,30,9
2026-01-19,SKU010,Smart Fitness Watch,Electronics,15,4299,30,9
2026-01-20,SKU010,Smart Fitness Watch,Electronics,19,4299,30,9
2026-01-21,SKU010,Smart Fitness Watch,Electronics,18,4299,30,9
2026-01-22,SKU010,Smart Fitness Watch,Electronics,16,4299,30,9
2026-01-23,SKU010,Smart Fitness Watch,Electronics,24,4299,30,9
2026-01-24,SKU010,Smart Fitness Watch,Electronics,29,4299,30,9
2026-01-25,SKU010,Smart Fitness Watch,Electronics,20,4299,30,9
2026-01-26,SKU010,Smart Fitness Watch,Electronics,15,4299,30,9
2026-01-27,SKU010,Smart Fitness Watch,Electronics,18,4299,30,9
2026-01-28,SKU010,Smart Fitness Watch,Electronics,16,4299,30,9
2026-01-29,SKU010,Smart Fitness Watch,Electronics,17,4299,30,9
2026-01-30,SKU010,Smart Fitness Watch,Electronics,22,4299,30,9
2026-01-31,SKU010,Smart Fitness Watch,Electronics,22,4299,30,9
2026-02-01,SKU010,Smart Fitness Watch,Electronics,15,4299,30,9
2026-02-02,SKU010,Smart Fitness Watch,Electronics,18,4299,30,9
2026-02-03,SKU010,Smart Fitness Watch,Electronics,16,4299,30,9
2026-02-04,SKU010,Smart Fitness Watch,Electronics,10,4299,30,9
2026-02-05,SKU010,Smart Fitness Watch,Electronics,24,4299,30,9
2026-02-06,SKU010,Smart Fitness Watch,Electronics,27,4299,30,9
2026-02-07,SKU010,Smart Fitness Watch,Electronics,22,4299,30,9
2026-02-08,SKU010,Smart Fitness Watch,Electronics,18,4299,30,9
2026-02-09,SKU010,Smart Fitness Watch,Electronics,15,4299,30,9
2026-02-10,SKU010,Smart Fitness Watch,Electronics,23,4299,30,9
2026-02-11,SKU010,Smart Fitness Watch,Electronics,23,4299,30,9
2026-02-12,SKU010,Smart Fitness Watch,Electronics,18,4299,30,9
2026-02-13,SKU010,Smart Fitness Watch,Electronics,27,4299,30,9
2026-02-14,SKU010,Smart Fitness Watch,Electronics,24,4299,30,9
2026-02-15,SKU010,Smart Fitness Watch,Electronics,14,4299,30,9
2026-02-16,SKU010,Smart Fitness Watch,Electronics,17,4299,30,9
2026-02-17,SKU010,Smart Fitness Watch,Electronics,18,4299,30,9
2026-02-18,SKU010,Smart Fitness Watch,Electronics,17,4299,30,9
2026-02-19,SKU010,Smart Fitness Watch,Electronics,17,4299,30,9
2026-02-20,SKU010,Smart Fitness Watch,Electronics,23,4299,30,9
2026-02-21,SKU010,Smart Fitness Watch,Electronics,23,4299,30,9
2026-02-22,SKU010,Smart Fitness Watch,Electronics,18,4299,30,9
2026-02-23,SKU010,Smart Fitness Watch,Electronics,15,4299,30,9
2026-02-24,SKU010,Smart Fitness Watch,Electronics,16,4299,30,9
2026-02-25,SKU010,Smart Fitness Watch,Electronics,15,4299,30,9
2026-02-26,SKU010,Smart Fitness Watch,Electronics,21,4299,30,9
2026-02-27,SKU010,Smart Fitness Watch,Electronics,16,4299,30,9
2026-02-28,SKU010,Smart Fitness Watch,Electronics,27,4299,30,9
2026-03-01,SKU010,Smart Fitness Watch,Electronics,22,4299,30,9
2026-03-02,SKU010,Smart Fitness Watch,Electronics,17,4299,30,9
2026-03-03,SKU010,Smart Fitness Watch,Electronics,11,4299,30,9
2026-03-04,SKU010,Smart Fitness Watch,Electronics,17,4299,30,9
2026-03-05,SKU010,Smart Fitness Watch,Electronics,18,4299,30,9
2026-03-06,SKU010,Smart Fitness Watch,Electronics,20,4299,30,9
2026-03-07,SKU010,Smart Fitness Watch,Electronics,22,4299,30,9
2026-03-08,SKU010,Smart Fitness Watch,Electronics,22,4299,30,9
2026-03-09,SKU010,Smart Fitness Watch,Electronics,20,4299,30,9
2026-03-10,SKU010,Smart Fitness Watch,Electronics,16,4299,30,9
2026-03-11,SKU010,Smart Fitness Watch,Electronics,14,4299,30,9
2026-03-12,SKU010,Smart Fitness Watch,Electronics,17,4299,30,9
2026-03-13,SKU010,Smart Fitness Watch,Electronics,23,4299,30,9
2026-03-14,SKU010,Smart Fitness Watch,Electronics,25,4299,30,9
2026-03-15,SKU010,Smart Fitness Watch,Electronics,17,4299,30,9
2026-03-16,SKU010,Smart Fitness Watch,Electronics,19,4299,30,9
2026-03-17,SKU010,Smart Fitness Watch,Electronics,23,4299,30,9
2026-03-18,SKU010,Smart Fitness Watch,Electronics,20,4299,30,9
2026-03-19,SKU010,Smart Fitness Watch,Electronics,18,4299,30,9
2026-03-20,SKU010,Smart Fitness Watch,Electronics,23,4299,30,9
2026-03-21,SKU010,Smart Fitness Watch,Electronics,22,4299,30,9
2026-03-22,SKU010,Smart Fitness Watch,Electronics,21,4299,30,9
2026-03-23,SKU010,Smart Fitness Watch,Electronics,16,4299,30,9
2026-03-24,SKU010,Smart Fitness Watch,Electronics,18,4299,30,9
2026-03-25,SKU010,Smart Fitness Watch,Electronics,18,4299,30,9
2026-03-26,SKU010,Smart Fitness Watch,Electronics,17,4299,30,9
2026-03-27,SKU010,Smart Fitness Watch,Electronics,19,4299,30,9
2026-03-28,SKU010,Smart Fitness Watch,Electronics,25,4299,30,9
2026-03-29,SKU010,Smart Fitness Watch,Electronics,18,4299,30,9
2026-03-30,SKU010,Smart Fitness Watch,Electronics,19,4299,30,9
2026-03-31,SKU010,Smart Fitness Watch,Electronics,17,4299,30,9
2026-04-01,SKU010,Smart Fitness Watch,Electronics,21,4299,30,9
2026-04-02,SKU010,Smart Fitness Watch,Electronics,16,4299,30,9
2026-04-03,SKU010,Smart Fitness Watch,Electronics,29,4299,30,9
2026-04-04,SKU010,Smart Fitness Watch,Electronics,17,4299,30,9
2026-04-05,SKU010,Smart Fitness Watch,Electronics,19,4299,30,9
2026-04-06,SKU010,Smart Fitness Watch,Electronics,19,4299,30,9
2026-04-07,SKU010,Smart Fitness Watch,Electronics,16,4299,30,9
2026-04-08,SKU010,Smart Fitness Watch,Electronics,19,4299,30,9
2026-04-09,SKU010,Smart Fitness Watch,Electronics,21,4299,30,9
2026-04-10,SKU010,Smart Fitness Watch,Electronics,16,4299,30,9
2026-04-11,SKU010,Smart Fitness Watch,Electronics,25,4299,30,9
2026-04-12,SKU010,Smart Fitness Watch,Electronics,11,4299,30,9
2026-04-13,SKU010,Smart Fitness Watch,Electronics,15,4299,30,9
2026-04-14,SKU010,Smart Fitness Watch,Electronics,22,4299,30,9
2026-04-15,SKU010,Smart Fitness Watch,Electronics,16,4299,30,9
2026-04-16,SKU010,Smart Fitness Watch,Electronics,15,4299,30,9
2026-04-17,SKU010,Smart Fitness Watch,Electronics,23,4299,30,9
2026-04-18,SKU010,Smart Fitness Watch,Electronics,31,4299,30,9
2026-04-19,SKU010,Smart Fitness Watch,Electronics,13,4299,30,9
2026-04-20,SKU010,Smart Fitness Watch,Electronics,15,4299,30,9
2026-04-21,SKU010,Smart Fitness Watch,Electronics,22,4299,30,9
2026-04-22,SKU010,Smart Fitness Watch,Electronics,23,4299,30,9
2026-04-23,SKU010,Smart Fitness Watch,Electronics,18,4299,30,9
2026-04-24,SKU010,Smart Fitness Watch,Electronics,19,4299,30,9
2026-04-25,SKU010,Smart Fitness Watch,Electronics,31,4299,30,9
2026-04-26,SKU010,Smart Fitness Watch,Electronics,22,4299,30,9
2026-04-27,SKU010,Smart Fitness Watch,Electronics,20,4299,30,9
2026-04-28,SKU010,Smart Fitness Watch,Electronics,16,4299,30,9
2026-04-29,SKU010,Smart Fitness Watch,Electronics,18,4299,30,9
2026-04-30,SKU010,Smart Fitness Watch,Electronics,18,4299,30,9
2026-05-01,SKU010,Smart Fitness Watch,Electronics,25,4299,30,9
2026-05-02,SKU010,Smart Fitness Watch,Electronics,28,4299,30,9
2026-05-03,SKU010,Smart Fitness Watch,Electronics,20,4299,30,9
2026-05-04,SKU010,Smart Fitness Watch,Electronics,15,4299,30,9
2026-05-05,SKU010,Smart Fitness Watch,Electronics,22,4299,30,9
2026-05-06,SKU010,Smart Fitness Watch,Electronics,19,4299,30,9
2026-05-07,SKU010,Smart Fitness Watch,Electronics,20,4299,30,9
2026-05-08,SKU010,Smart Fitness Watch,Electronics,29,4299,30,9
2026-05-09,SKU010,Smart Fitness Watch,Electronics,19,4299,30,9
2026-05-10,SKU010,Smart Fitness Watch,Electronics,18,4299,30,9
2026-05-11,SKU010,Smart Fitness Watch,Electronics,17,4299,30,9
2026-05-12,SKU010,Smart Fitness Watch,Electronics,14,4299,30,9
2026-05-13,SKU010,Smart Fitness Watch,Electronics,19,4299,30,9
2026-05-14,SKU010,Smart Fitness Watch,Electronics,25,4299,30,9
2026-05-15,SKU010,Smart Fitness Watch,Electronics,17,4299,30,9
2026-05-16,SKU010,Smart Fitness Watch,Electronics,23,4299,30,9
2026-05-17,SKU010,Smart Fitness Watch,Electronics,20,4299,30,9
2026-05-18,SKU010,Smart Fitness Watch,Electronics,18,4299,30,9
2026-05-19,SKU010,Smart Fitness Watch,Electronics,18,4299,30,9
2026-05-20,SKU010,Smart Fitness Watch,Electronics,14,4299,30,9
2026-05-21,SKU010,Smart Fitness Watch,Electronics,19,4299,30,9
2026-05-22,SKU010,Smart Fitness Watch,Electronics,21,4299,30,9
2026-05-23,SKU010,Smart Fitness Watch,Electronics,16,4299,30,9
2026-05-24,SKU010,Smart Fitness Watch,Electronics,21,4299,30,9
2026-05-25,SKU010,Smart Fitness Watch,Electronics,21,4299,30,9
2026-05-26,SKU010,Smart Fitness Watch,Electronics,18,4299,30,9
2026-05-27,SKU010,Smart Fitness Watch,Electronics,19,4299,30,9
2026-05-28,SKU010,Smart Fitness Watch,Electronics,21,4299,30,9
2026-05-29,SKU010,Smart Fitness Watch,Electronics,24,4299,30,9
2026-05-30,SKU010,Smart Fitness Watch,Electronics,27,4299,30,9
2026-05-31,SKU010,Smart Fitness Watch,Electronics,17,4299,30,9
2026-06-01,SKU010,Smart Fitness Watch,Electronics,22,4299,30,9
2026-06-02,SKU010,Smart Fitness Watch,Electronics,19,4299,30,9
2026-06-03,SKU010,Smart Fitness Watch,Electronics,19,4299,30,9
2026-06-04,SKU010,Smart Fitness Watch,Electronics,15,4299,30,9
2026-06-05,SKU010,Smart Fitness Watch,Electronics,24,4299,30,9
2026-06-06,SKU010,Smart Fitness Watch,Electronics,20,4299,30,9
2026-06-07,SKU010,Smart Fitness Watch,Electronics,16,4299,30,9
2026-06-08,SKU010,Smart Fitness Watch,Electronics,16,4299,30,9
2026-06-09,SKU010,Smart Fitness Watch,Electronics,15,4299,30,9
2026-06-10,SKU010,Smart Fitness Watch,Electronics,24,4299,30,9
2026-06-11,SKU010,Smart Fitness Watch,Electronics,22,4299,30,9
2026-06-12,SKU010,Smart Fitness Watch,Electronics,30,4299,30,9
2026-06-13,SKU010,Smart Fitness Watch,Electronics,19,4299,30,9
2026-06-14,SKU010,Smart Fitness Watch,Electronics,18,4299,30,9
2026-06-15,SKU010,Smart Fitness Watch,Electronics,15,4299,30,9
2026-06-16,SKU010,Smart Fitness Watch,Electronics,16,4299,30,9
2026-06-17,SKU010,Smart Fitness Watch,Electronics,16,4299,30,9
2026-06-18,SKU010,Smart Fitness Watch,Electronics,21,4299,30,9
2026-06-19,SKU010,Smart Fitness Watch,Electronics,22,4299,30,9
2026-06-20,SKU010,Smart Fitness Watch,Electronics,27,4299,30,9
2026-06-21,SKU010,Smart Fitness Watch,Electronics,20,4299,30,9
2026-06-22,SKU010,Smart Fitness Watch,Electronics,24,4299,30,9
2026-06-23,SKU010,Smart Fitness Watch,Electronics,14,4299,30,9
2026-06-24,SKU010,Smart Fitness Watch,Electronics,21,4299,30,9
2026-06-25,SKU010,Smart Fitness Watch,Electronics,21,4299,30,9
2026-06-26,SKU010,Smart Fitness Watch,Electronics,20,4299,30,9
2026-06-27,SKU010,Smart Fitness Watch,Electronics,27,4299,30,9
2026-06-28,SKU010,Smart Fitness Watch,Electronics,19,4299,30,9
2026-06-29,SKU010,Smart Fitness Watch,Electronics,17,4299,30,9
2026-06-30,SKU010,Smart Fitness Watch,Electronics,16,4299,30,9
2026-07-01,SKU010,Smart Fitness Watch,Electronics,16,4299,30,9
2026-07-02,SKU010,Smart Fitness Watch,Electronics,24,4299,30,9
2026-07-03,SKU010,Smart Fitness Watch,Electronics,23,4299,30,9
2026-07-04,SKU010,Smart Fitness Watch,Electronics,26,4299,30,9
2026-07-05,SKU010,Smart Fitness Watch,Electronics,16,4299,30,9
2026-07-06,SKU010,Smart Fitness Watch,Electronics,16,4299,30,9
2026-07-07,SKU010,Smart Fitness Watch,Electronics,21,4299,30,9
2026-07-08,SKU010,Smart Fitness Watch,Electronics,14,4299,30,9
2026-07-09,SKU010,Smart Fitness Watch,Electronics,17,4299,30,9
2026-07-10,SKU010,Smart Fitness Watch,Electronics,24,4299,30,9
2026-07-11,SKU010,Smart Fitness Watch,Electronics,24,4299,30,9
2026-07-12,SKU010,Smart Fitness Watch,Electronics,18,4299,30,9
2026-07-13,SKU010,Smart Fitness Watch,Electronics,19,4299,30,9
2026-07-14,SKU010,Smart Fitness Watch,Electronics,20,4299,30,9
2026-07-15,SKU010,Smart Fitness Watch,Electronics,20,4299,30,9
2026-07-16,SKU010,Smart Fitness Watch,Electronics,15,4299,30,9
2026-07-17,SKU010,Smart Fitness Watch,Electronics,22,4299,30,9
2026-07-18,SKU010,Smart Fitness Watch,Electronics,28,4299,30,9
2026-07-19,SKU010,Smart Fitness Watch,Electronics,20,4299,30,9
2026-07-20,SKU010,Smart Fitness Watch,Electronics,14,4299,30,9
2026-07-21,SKU010,Smart Fitness Watch,Electronics,19,4299,30,9
2026-07-22,SKU010,Smart Fitness Watch,Electronics,13,4299,30,9
2026-07-23,SKU010,Smart Fitness Watch,Electronics,18,4299,30,9
2026-07-24,SKU010,Smart Fitness Watch,Electronics,30,4299,30,9
2026-07-25,SKU010,Smart Fitness Watch,Electronics,20,4299,30,9
2026-07-26,SKU010,Smart Fitness Watch,Electronics,16,4299,30,9
2026-07-27,SKU010,Smart Fitness Watch,Electronics,20,4299,30,9
2026-07-28,SKU010,Smart Fitness Watch,Electronics,14,4299,30,9
2026-07-29,SKU010,Smart Fitness Watch,Electronics,16,4299,30,9
2026-07-30,SKU010,Smart Fitness Watch,Electronics,20,4299,30,9
2026-07-31,SKU010,Smart Fitness Watch,Electronics,21,4299,30,9
2026-08-01,SKU010,Smart Fitness Watch,Electronics,23,4299,30,9
2026-08-02,SKU010,Smart Fitness Watch,Electronics,20,4299,30,9
2026-08-03,SKU010,Smart Fitness Watch,Electronics,19,4299,30,9
2026-08-04,SKU010,Smart Fitness Watch,Electronics,19,4299,30,9
2026-08-05,SKU010,Smart Fitness Watch,Electronics,17,4299,30,9
2026-08-06,SKU010,Smart Fitness Watch,Electronics,19,4299,30,9
2026-08-07,SKU010,Smart Fitness Watch,Electronics,23,4299,30,9
2026-08-08,SKU010,Smart Fitness Watch,Electronics,25,4299,30,9
2026-08-09,SKU010,Smart Fitness Watch,Electronics,17,4299,30,9
2026-08-10,SKU010,Smart Fitness Watch,Electronics,18,4299,30,9
2026-08-11,SKU010,Smart Fitness Watch,Electronics,15,4299,30,9
2026-08-12,SKU010,Smart Fitness Watch,Electronics,18,4299,30,9
2026-08-13,SKU010,Smart Fitness Watch,Electronics,16,4299,30,9
2026-08-14,SKU010,Smart Fitness Watch,Electronics,19,4299,30,9
2026-08-15,SKU010,Smart Fitness Watch,Electronics,24,4299,30,9
2026-08-16,SKU010,Smart Fitness Watch,Electronics,19,4299,30,9
2026-08-17,SKU010,Smart Fitness Watch,Electronics,20,4299,30,9
2026-08-18,SKU010,Smart Fitness Watch,Electronics,17,4299,30,9
2026-08-19,SKU010,Smart Fitness Watch,Electronics,19,4299,30,9
2026-08-20,SKU010,Smart Fitness Watch,Electronics,19,4299,30,9
2026-08-21,SKU010,Smart Fitness Watch,Electronics,25,4299,30,9
2026-08-22,SKU010,Smart Fitness Watch,Electronics,21,4299,30,9
2026-08-23,SKU010,Smart Fitness Watch,Electronics,18,4299,30,9
2026-08-24,SKU010,Smart Fitness Watch,Electronics,19,4299,30,9
2026-08-25,SKU010,Smart Fitness Watch,Electronics,18,4299,30,9
2026-08-26,SKU010,Smart Fitness Watch,Electronics,12,4299,30,9
2026-08-27,SKU010,Smart Fitness Watch,Electronics,18,4299,30,9
2026-08-28,SKU010,Smart Fitness Watch,Electronics,31,4299,30,9
